Country,q#3,q#4,q#5_min,q#5_max,q#5_avg,q#5_var,q#6_min,q#6_max,q#6_avg,q#6_var,q#7_min,q#7_max,q#7_avg,q#7_var,q#8_min,q#8_max,q#8_avg,q#8_var,q#9_min,q#9_max,q#9_avg,q#9_var,q#10_min,q#10_max,q#10_avg,q#10_var,q#11,q#12_min,q#12_max,q#12_avg,q#12_var,q#13_min,q#13_max,q#13_avg,q#13_var,q#14,q#15,q#16,population,median_age,# of people aged 65 older,# of people aged 70 older,economic performance,death rates due to heart disease,diabetes prevalence,#of female smokers,#of male smokers,handwashing facilities,hospital beds per thousand people,life expectancy,human development index
Afghanistan,57612.0,2535.0,0.5,1.53,1.0281510416666655,0.07752985022735175,0.0,0.0,0.0,0.0,0.0,0.0,0.0,0.0,0.0,0.0,0.0,0.0,0.0,0.0,0.0,0.0,0.0,0.0,0.0,0.0,0.0,0.0,0.0,0.0,0.0,0.0,0.0,0.0,0.0,120000.0,0.0,120000.0,38928341.0,18.6,2.581,1.337,1803.987,597.029,9.59,0.0,0.0,37.746,0.5,64.83,0.511
Africa,4408953.0,117366.0,0.0,0.0,0.0,0.0,0.0,0.0,0.0,0.0,0.0,0.0,0.0,0.0,0.0,0.0,0.0,0.0,0.0,0.0,0.0,0.0,0.0,0.0,0.0,0.0,0.0,0.0,0.0,0.0,0.0,0.0,0.0,0.0,0.0,9859835.0,4566450.0,14733874.0,1340598113.0,0.0,0.0,0.0,0.0,0.0,0.0,0.0,0.0,0.0,0.0,0.0,0.0
Albania,129307.0,2337.0,0.7,1.66,1.0568123393316189,0.03053174354341588,0.0,0.0,0.0,0.0,0.0,0.0,0.0,0.0,0.0,0.0,0.0,0.0,0.0,0.0,0.0,0.0,1.0,4562.0,1398.8491484184915,1607994.700184414,574935.0,0.032,0.409,0.19005527638190958,0.006607795443153626,2.4,31.6,6.959045226130654,24.717511690322258,6073.0,655.0,314622.0,2877800.0,38.0,13.188,8.643,11803.431,304.195,10.08,7.1,51.2,0.0,2.89,78.57,0.795
Algeria,119323.0,3148.0,0.73,1.99,1.0382097186700774,0.05686231689677843,0.0,0.0,0.0,0.0,0.0,0.0,0.0,0.0,0.0,0.0,0.0,0.0,0.0,0.0,0.0,0.0,0.0,0.0,0.0,0.0,0.0,0.0,0.0,0.0,0.0,0.0,0.0,0.0,0.0,0.0,0.0,75000.0,43851043.0,29.1,6.211,3.857,13913.839,278.364,6.73,0.7,30.4,83.741,1.9,76.88,0.748
Andorra,12712.0,123.0,0.09,1.69,0.9529487179487167,0.1703693142392662,0.0,0.0,0.0,0.0,0.0,0.0,0.0,0.0,0.0,0.0,0.0,0.0,0.0,0.0,0.0,0.0,0.0,0.0,0.0,0.0,173789.0,0.064,0.157,0.09128712871287127,0.00045125999999999993,6.4,15.6,11.252475247524753,5.5252750000000015,9781.0,4484.0,19064.0,77265.0,0.0,0.0,0.0,0.0,109.135,7.97,29.0,37.8,0.0,0.0,83.73,0.868
Angola,24122.0,560.0,0.86,1.32,1.068548387096775,0.016105359181407815,0.0,0.0,0.0,0.0,0.0,0.0,0.0,0.0,0.0,0.0,0.0,0.0,0.0,0.0,0.0,0.0,0.0,0.0,0.0,0.0,0.0,0.0,0.0,0.0,0.0,0.0,0.0,0.0,0.0,245442.0,0.0,245442.0,32866268.0,16.8,2.405,1.362,5819.495,276.045,3.94,0.0,0.0,26.664,0.0,61.15,0.581
Anguilla,0.0,0.0,0.0,0.0,0.0,0.0,0.0,0.0,0.0,0.0,0.0,0.0,0.0,0.0,0.0,0.0,0.0,0.0,0.0,0.0,0.0,0.0,0.0,0.0,0.0,0.0,0.0,0.0,0.0,0.0,0.0,0.0,0.0,0.0,0.0,5835.0,0.0,5835.0,15002.0,0.0,0.0,0.0,0.0,0.0,0.0,0.0,0.0,0.0,0.0,81.88,0.0
Antigua and Barbuda,1213.0,31.0,0.34,1.32,0.7625870646766172,0.07697804,0.0,0.0,0.0,0.0,0.0,0.0,0.0,0.0,0.0,0.0,0.0,0.0,0.0,0.0,0.0,0.0,0.0,0.0,0.0,0.0,0.0,0.0,0.0,0.0,0.0,0.0,0.0,0.0,0.0,27032.0,0.0,27032.0,97928.0,32.1,6.933,4.631,21490.943,191.511,13.17,0.0,0.0,0.0,3.8,77.02,0.778
Argentina,2658628.0,59084.0,0.86,2.17,1.1367346938775507,0.042490920389060764,0.0,0.0,0.0,0.0,0.0,0.0,0.0,0.0,0.0,0.0,0.0,0.0,0.0,0.0,0.0,0.0,1.0,62161.0,18487.245939675173,191873998.4379719,7968004.0,0.012,0.439,0.2175680751173707,0.012473108894117646,2.3,83.3,7.502582159624418,109.89921406228375,5305604.0,787412.0,6093016.0,45195777.0,31.9,11.198,7.441,18933.907,191.032,5.5,16.2,27.7,0.0,5.0,76.67,0.845
Armenia,207103.0,3835.0,0.64,1.6,1.0821628498727738,0.05857958597980009,0.0,0.0,0.0,0.0,0.0,0.0,0.0,0.0,0.0,0.0,0.0,0.0,0.0,0.0,0.0,0.0,117.0,6354.0,2715.6433566433566,2013545.2347252532,920423.0,0.049,0.504,0.20418387909319893,0.013596705151260076,2.0,20.4,7.079345088161212,21.73547208193042,565.0,0.0,565.0,2963234.0,35.7,11.232,7.571,8787.58,341.01,7.11,1.5,52.1,94.043,4.2,75.09,0.776
Asia,32994049.0,461111.0,0.0,0.0,0.0,0.0,0.0,0.0,0.0,0.0,0.0,0.0,0.0,0.0,0.0,0.0,0.0,0.0,0.0,0.0,0.0,0.0,0.0,0.0,0.0,0.0,0.0,0.0,0.0,0.0,0.0,0.0,0.0,0.0,0.0,157806620.0,41098146.0,400082218.0,4639847425.0,0.0,0.0,0.0,0.0,0.0,0.0,0.0,0.0,0.0,0.0,0.0,0.0
Australia,29499.0,910.0,0.38,2.45,1.0267164179104482,0.17598326751699306,0.0,0.0,0.0,0.0,0.0,0.0,0.0,0.0,0.0,0.0,0.0,0.0,0.0,0.0,0.0,0.0,4357.0,101274.0,41350.0,412746171.1416282,16264597.0,0.0,0.038,0.0020312500000000014,2.4896836163584177e-05,26.4,15342.2,2752.9554687500017,6630184.585745487,159294.0,0.0,1420577.0,25499881.0,37.9,15.504,10.129,44648.71,107.791,5.07,13.0,16.5,0.0,3.84,83.44,0.944
Austria,589299.0,9843.0,0.44,3.13,1.108267326732672,0.16409995751466971,6.0,709.0,228.40053050397879,43581.906851233594,52.0,3985.0,1044.076923076923,1134550.2206244343,0.0,0.0,0.0,0.0,0.0,0.0,0.0,0.0,2376.0,2945871.0,73642.4323607427,33932780342.232452,27703138.0,0.004,0.247,0.05666171003717469,0.004313834651370015,4.1,249.1,64.59070631970258,3992.8709716807753,1658035.0,676423.0,2334458.0,9006400.0,44.4,19.202,13.748,45436.686,145.183,6.35,28.4,30.9,0.0,7.37,81.54,0.922
Azerbaijan,296374.0,4077.0,0.41,1.85,1.097746113989637,0.10999626648675997,0.0,0.0,0.0,0.0,0.0,0.0,0.0,0.0,0.0,0.0,0.0,0.0,0.0,0.0,0.0,0.0,0.0,0.0,0.0,0.0,0.0,0.0,0.0,0.0,0.0,0.0,0.0,0.0,0.0,859338.0,439985.0,1299323.0,10139175.0,32.4,6.018,3.871,15847.419,559.812,7.11,0.3,42.5,83.241,4.7,73.0,0.756
Bahamas,9634.0,194.0,0.18,2.25,1.0015548780487809,0.15011965509824277,0.0,0.0,0.0,0.0,0.0,0.0,0.0,0.0,0.0,0.0,0.0,0.0,0.0,0.0,0.0,0.0,0.0,0.0,0.0,0.0,0.0,0.0,0.0,0.0,0.0,0.0,0.0,0.0,0.0,15000.0,0.0,15000.0,393248.0,34.3,8.996,5.2,27717.847,235.954,13.17,3.1,20.4,0.0,2.9,73.92,0.814
Bahrain,162089.0,581.0,0.85,1.49,1.0844776119402988,0.020773854640207458,0.0,0.0,0.0,0.0,0.0,0.0,0.0,0.0,0.0,0.0,0.0,0.0,0.0,0.0,0.0,0.0,232.0,23177.0,10003.47435897436,18410753.387992263,3852868.0,0.009,0.079,0.03963840399002491,0.00028407859375,12.6,110.9,31.872319201995044,328.971846,586279.0,456184.0,1042463.0,1701583.0,32.4,2.372,1.387,43290.705,151.689,16.52,5.8,37.6,0.0,2.0,77.29,0.852
Bangladesh,711779.0,10182.0,0.79,2.79,1.1167999999999998,0.12089567617032229,0.0,0.0,0.0,0.0,0.0,0.0,0.0,0.0,0.0,0.0,0.0,0.0,0.0,0.0,0.0,0.0,3.0,34968.0,12567.641277641278,41894814.772792354,5115138.0,0.009,0.243,0.12700749999999997,0.00438365324338415,4.1,113.1,12.900250000000003,177.49172040376632,5686885.0,930151.0,6617036.0,164689383.0,27.5,5.098,3.262,3523.984,298.003,8.38,1.0,44.7,34.808,0.8,72.59,0.632
Barbados,3765.0,44.0,0.43,1.21,0.8888172043010751,0.043659971015992956,0.0,0.0,0.0,0.0,0.0,0.0,0.0,0.0,0.0,0.0,0.0,0.0,0.0,0.0,0.0,0.0,0.0,0.0,0.0,0.0,0.0,0.0,0.0,0.0,0.0,0.0,0.0,0.0,0.0,66069.0,0.0,66069.0,287371.0,39.8,14.952,9.473,16978.068,170.05,13.57,1.9,14.5,88.469,5.8,79.19,0.814
Belarus,341539.0,2403.0,0.66,2.66,1.0888481675392683,0.10679630203704854,0.0,0.0,0.0,0.0,0.0,0.0,0.0,0.0,0.0,0.0,0.0,0.0,0.0,0.0,0.0,0.0,1000.0,21452.0,9315.169811320755,20334565.328402366,5608959.0,0.001,0.122,0.05597518610421837,0.0011516137719363383,8.2,1424.2,41.984863523573196,9032.031701504913,92000.0,26100.0,66618.0,9449321.0,40.3,14.799,9.788,17167.967,443.129,5.18,10.5,46.1,0.0,11.0,74.79,0.823
Belgium,943213.0,23681.0,0.62,2.77,1.1268965517241374,0.16991816857186406,23.0,1474.0,457.51269035532994,162002.49353508276,130.0,7461.0,2150.555837563452,3499965.126443033,0.0,0.0,0.0,0.0,70.408,4759.588,1143.7328448275862,1258815.8281696963,82.0,87170.0,28863.715328467155,399094921.291737,11862987.0,0.009,0.327,0.0829481481481482,0.005848669517694344,3.1,111.1,26.652098765432154,700.4447477575729,2204943.0,696692.0,2901635.0,11589616.0,41.8,18.571,12.849,42658.576,114.898,4.29,25.1,31.4,0.0,5.64,81.63,0.931
Belize,12538.0,318.0,0.52,1.4,0.9130830039525699,0.05327129472159233,0.0,0.0,0.0,0.0,0.0,0.0,0.0,0.0,0.0,0.0,0.0,0.0,0.0,0.0,0.0,0.0,0.0,0.0,0.0,0.0,0.0,0.0,0.0,0.0,0.0,0.0,0.0,0.0,0.0,29939.0,0.0,29939.0,397621.0,25.0,3.853,2.279,7824.362,176.957,17.11,0.0,0.0,90.083,1.3,74.62,0.716
Benin,7611.0,95.0,0.82,1.14,0.9540697674418596,0.007146353985159249,0.0,0.0,0.0,0.0,0.0,0.0,0.0,0.0,0.0,0.0,0.0,0.0,0.0,0.0,0.0,0.0,0.0,0.0,0.0,0.0,0.0,0.0,0.0,0.0,0.0,0.0,0.0,0.0,0.0,0.0,0.0,0.0,12123198.0,18.8,3.244,1.942,2064.236,235.848,0.99,0.6,12.3,11.035,0.5,61.77,0.545
Bermuda,0.0,0.0,0.0,0.0,0.0,0.0,0.0,0.0,0.0,0.0,0.0,0.0,0.0,0.0,0.0,0.0,0.0,0.0,0.0,0.0,0.0,0.0,0.0,0.0,0.0,0.0,0.0,0.0,0.0,0.0,0.0,0.0,0.0,0.0,0.0,25781.0,19980.0,45761.0,62273.0,0.0,0.0,0.0,50669.315,139.547,13.0,0.0,0.0,0.0,0.0,82.59,0.0
Bhutan,941.0,1.0,0.25,1.4,0.7667307692307693,0.07068561887866907,0.0,0.0,0.0,0.0,0.0,0.0,0.0,0.0,0.0,0.0,0.0,0.0,0.0,0.0,0.0,0.0,2.0,15058.0,1630.4297520661157,4807400.597814474,658583.0,0.001,0.012,0.0021618798955613592,5.390778761547106e-06,83.6,18720.3,2146.5778097982707,15562765.93160488,478219.0,0.0,478219.0,771612.0,28.6,4.885,2.977,8708.597,217.066,9.75,0.0,0.0,79.807,1.7,71.78,0.654
Bolivia,287360.0,12625.0,0.7,1.59,1.0888976377952764,0.06062452285318559,0.0,0.0,0.0,0.0,0.0,0.0,0.0,0.0,0.0,0.0,0.0,0.0,0.0,0.0,0.0,0.0,1.0,13347.0,2677.4164383561642,5643353.9067971865,1018003.0,0.06,0.636,0.2925575447570335,0.02539455660749507,1.6,16.8,4.829156010230184,8.919813017751478,333137.0,153217.0,486354.0,11673029.0,25.4,6.704,4.393,6885.829,204.299,6.89,0.0,0.0,25.383,1.1,71.51,0.718
Bosnia and Herzegovina,188994.0,7788.0,0.84,1.6,1.1331538461538457,0.04180381044270128,0.0,0.0,0.0,0.0,0.0,0.0,0.0,0.0,0.0,0.0,0.0,0.0,0.0,0.0,0.0,0.0,-75493.0,16699.0,2143.5347985347985,25064701.478143923,858968.0,0.011,0.742,0.17669811320754722,0.013268896165084003,1.3,87.4,11.920754716981136,233.00524791818847,0.0,0.0,15000.0,3280815.0,42.5,16.569,10.711,11713.895,329.635,10.08,30.2,47.7,97.164,3.5,77.4,0.78
Botswana,44075.0,671.0,0.81,1.34,1.047525773195876,0.027166636147443524,0.0,0.0,0.0,0.0,0.0,0.0,0.0,0.0,0.0,0.0,0.0,0.0,0.0,0.0,0.0,0.0,0.0,0.0,0.0,0.0,0.0,0.0,0.0,0.0,0.0,0.0,0.0,0.0,0.0,31628.0,0.0,31628.0,2351625.0,25.8,3.941,2.242,15807.374,237.372,4.81,5.7,34.4,0.0,1.8,69.59,0.735
Brazil,13832455.0,368749.0,0.9,2.7,1.1671428571428573,0.10668667773541074,0.0,0.0,0.0,0.0,0.0,0.0,0.0,0.0,0.0,0.0,0.0,0.0,0.0,0.0,0.0,0.0,0.0,0.0,0.0,0.0,6421441.0,0.0,0.0,0.0,0.0,0.0,0.0,0.0,0.0,24809790.0,8000733.0,32810523.0,212559409.0,33.5,8.552,5.06,14103.452,177.961,8.11,10.1,17.9,0.0,2.2,75.88,0.765
Brunei,221.0,3.0,0.01,0.91,0.20829896907216483,0.09080975902890451,0.0,0.0,0.0,0.0,0.0,0.0,0.0,0.0,0.0,0.0,0.0,0.0,0.0,0.0,0.0,0.0,0.0,0.0,0.0,0.0,0.0,0.0,0.0,0.0,0.0,0.0,0.0,0.0,0.0,2323.0,0.0,2323.0,437483.0,32.4,4.591,2.382,71809.251,201.285,12.79,2.0,30.9,0.0,2.7,75.86,0.838
Bulgaria,384887.0,15100.0,0.61,1.79,1.1103316326530612,0.06323086322041327,8.0,813.0,218.26344086021504,51126.56292819726,132.0,10649.0,2786.5833333333335,8259689.012663378,0.0,0.0,0.0,0.0,0.0,0.0,0.0,0.0,295.0,20611.0,6435.776632302405,22173116.161105826,2333971.0,0.012,0.406,0.1252939560439561,0.012916924860930875,2.5,85.0,17.55604395604396,227.28020095773667,507245.0,126884.0,634129.0,6948445.0,44.7,20.801,13.272,18563.307,424.688,5.81,30.1,44.4,0.0,7.454,75.05,0.816
Burkina Faso,13083.0,154.0,0.7,1.48,1.0076804123711336,0.02640792954483238,0.0,0.0,0.0,0.0,0.0,0.0,0.0,0.0,0.0,0.0,0.0,0.0,0.0,0.0,0.0,0.0,0.0,0.0,0.0,0.0,0.0,0.0,0.0,0.0,0.0,0.0,0.0,0.0,0.0,0.0,0.0,0.0,20903278.0,17.6,2.409,1.358,1703.102,269.048,2.42,1.6,23.9,11.877,0.4,61.58,0.452
Burundi,3477.0,6.0,0.59,1.31,0.9266118421052634,0.04299593068217713,0.0,0.0,0.0,0.0,0.0,0.0,0.0,0.0,0.0,0.0,0.0,0.0,0.0,0.0,0.0,0.0,0.0,0.0,0.0,0.0,0.0,0.0,0.0,0.0,0.0,0.0,0.0,0.0,0.0,0.0,0.0,0.0,11890781.0,17.5,2.562,1.504,702.225,293.068,6.05,0.0,0.0,6.144,0.8,61.58,0.433
Cambodia,5480.0,38.0,0.03,1.72,0.5953002610966057,0.21716814232066006,0.0,0.0,0.0,0.0,0.0,0.0,0.0,0.0,0.0,0.0,0.0,0.0,0.0,0.0,0.0,0.0,0.0,0.0,0.0,0.0,0.0,0.0,0.0,0.0,0.0,0.0,0.0,0.0,0.0,1241947.0,299949.0,1541896.0,16718971.0,25.6,4.412,2.385,3645.07,270.892,4.0,2.0,33.7,66.229,0.8,69.82,0.594
Cameroon,61731.0,919.0,0.26,1.52,0.831174934725848,0.12205788218524712,0.0,0.0,0.0,0.0,0.0,0.0,0.0,0.0,0.0,0.0,0.0,0.0,0.0,0.0,0.0,0.0,0.0,0.0,0.0,0.0,0.0,0.0,0.0,0.0,0.0,0.0,0.0,0.0,0.0,400.0,0.0,400.0,26545864.0,18.8,3.165,1.919,3364.926,244.661,7.2,0.0,0.0,2.735,1.3,59.29,0.563
Canada,1113837.0,23531.0,0.72,2.85,1.1323690773067328,0.13976646,1.0,1117.0,383.7004950495049,81146.73291504782,4.0,4879.0,1818.6856435643565,1721309.906002746,0.0,0.0,0.0,0.0,0.0,0.0,0.0,0.0,18.0,150904.0,72114.67481662592,1640991162.9700835,29497034.0,0.006,0.14,0.03591954022988506,0.0006750990730319183,7.1,181.7,50.80115740740745,1882.2250208601376,8641720.0,884012.0,9525732.0,37742157.0,41.4,16.984,10.797,44017.591,105.599,7.37,12.0,16.6,0.0,2.5,82.43,0.929
Cape Verde,19975.0,189.0,0.89,1.35,1.0710985915492948,0.013612368731845894,0.0,0.0,0.0,0.0,0.0,0.0,0.0,0.0,0.0,0.0,0.0,0.0,0.0,0.0,0.0,0.0,50.0,1393.0,423.8897058823529,48512.86779864109,0.0,0.071,0.216,0.14611728395061716,0.0008186577678330312,4.6,14.1,7.052469135802469,2.4850792793487906,2184.0,0.0,2184.0,555988.0,25.7,4.46,3.437,6222.554,182.219,2.42,2.1,16.5,0.0,2.1,72.98,0.665
Cayman Islands,0.0,0.0,0.0,0.0,0.0,0.0,0.0,0.0,0.0,0.0,0.0,0.0,0.0,0.0,0.0,0.0,0.0,0.0,0.0,0.0,0.0,0.0,0.0,0.0,0.0,0.0,0.0,0.0,0.0,0.0,0.0,0.0,0.0,0.0,0.0,33808.0,27306.0,61114.0,65720.0,0.0,0.0,0.0,49903.029,0.0,13.22,0.0,0.0,0.0,0.0,83.92,0.0
Central African Republic,5728.0,75.0,0.18,1.38,0.600787172011662,0.09921078024007386,0.0,0.0,0.0,0.0,0.0,0.0,0.0,0.0,0.0,0.0,0.0,0.0,0.0,0.0,0.0,0.0,0.0,0.0,0.0,0.0,0.0,0.0,0.0,0.0,0.0,0.0,0.0,0.0,0.0,0.0,0.0,0.0,4829764.0,18.3,3.655,2.251,661.24,435.727,6.1,0.0,0.0,16.603,1.0,53.28,0.397
Chad,4686.0,168.0,0.5,1.38,0.9687679083094566,0.046182649623464134,0.0,0.0,0.0,0.0,0.0,0.0,0.0,0.0,0.0,0.0,0.0,0.0,0.0,0.0,0.0,0.0,0.0,0.0,0.0,0.0,0.0,0.0,0.0,0.0,0.0,0.0,0.0,0.0,0.0,0.0,0.0,0.0,16425859.0,16.7,2.486,1.446,1768.153,280.995,6.1,0.0,0.0,5.818,0.0,54.24,0.398
Chile,1109311.0,24923.0,0.8,2.85,1.124584382871536,0.09899993112947658,0.0,0.0,0.0,0.0,0.0,0.0,0.0,0.0,0.0,0.0,0.0,0.0,0.0,0.0,0.0,0.0,2759.0,79262.0,32420.163978494624,331888588.9321495,12128654.0,0.043,0.364,0.11728882833787482,0.007440680678730329,2.7,23.3,12.088283378746596,33.84353489205411,7664226.0,5270056.0,12934282.0,19116209.0,35.4,11.087,6.938,22767.037,127.993,8.46,34.2,41.5,0.0,2.11,80.18,0.851
China,102167.0,4845.0,0.19,3.45,1.0241555555555555,0.2530616891781291,0.0,0.0,0.0,0.0,0.0,0.0,0.0,0.0,0.0,0.0,0.0,0.0,0.0,0.0,0.0,0.0,0.0,0.0,0.0,0.0,160000000.0,0.0,0.0,0.0,0.0,0.0,0.0,0.0,0.0,0.0,0.0,187360000.0,1439323774.0,38.7,10.641,5.929,15308.712,261.899,9.74,1.9,48.4,0.0,4.34,76.91,0.761
Colombia,2619422.0,67564.0,0.68,2.22,1.1318527918781722,0.06019439426606842,0.0,0.0,0.0,0.0,0.0,0.0,0.0,0.0,0.0,0.0,0.0,0.0,0.0,0.0,0.0,0.0,10885.0,93133.0,41803.329113924054,263814420.4747392,13577238.0,0.098,0.332,0.21667202572347247,0.0035923688345473465,3.0,10.2,5.042765273311892,3.140740998959418,2340554.0,1009672.0,3350226.0,50882884.0,32.2,7.646,4.312,13254.949,124.24,7.44,4.7,13.5,65.386,1.71,77.29,0.767
Comoros,3815.0,146.0,0.58,1.29,0.8187538940809966,0.03289140234375,0.0,0.0,0.0,0.0,0.0,0.0,0.0,0.0,0.0,0.0,0.0,0.0,0.0,0.0,0.0,0.0,0.0,0.0,0.0,0.0,0.0,0.0,0.0,0.0,0.0,0.0,0.0,0.0,0.0,0.0,0.0,0.0,869595.0,20.4,2.963,1.726,1413.89,261.516,11.88,4.4,23.6,15.574,2.2,64.32,0.554
Congo,10084.0,139.0,0.22,0.96,0.5534153005464479,0.04796800900731844,0.0,0.0,0.0,0.0,0.0,0.0,0.0,0.0,0.0,0.0,0.0,0.0,0.0,0.0,0.0,0.0,0.0,0.0,0.0,0.0,0.0,0.0,0.0,0.0,0.0,0.0,0.0,0.0,0.0,0.0,0.0,0.0,5518092.0,19.0,3.402,2.063,4881.406,344.094,7.2,1.7,52.3,47.964,0.0,64.57,0.574
Costa Rica,228577.0,3071.0,0.67,1.73,1.1186445012787731,0.04324207034845496,0.0,0.0,0.0,0.0,0.0,0.0,0.0,0.0,0.0,0.0,0.0,0.0,0.0,0.0,0.0,0.0,1.0,6308.0,1812.5742574257426,1532394.7863849907,732282.0,0.022,0.426,0.22320300751879668,0.016529823615565264,2.3,45.5,8.203759398496244,69.33410450493675,354291.0,232508.0,586799.0,5094114.0,33.6,9.468,5.694,15524.995,137.973,8.78,6.4,17.4,83.841,1.13,80.28,0.81
Cote d'Ivoire,45474.0,274.0,0.62,1.47,1.0761038961038958,0.04198005371093749,0.0,0.0,0.0,0.0,0.0,0.0,0.0,0.0,0.0,0.0,0.0,0.0,0.0,0.0,0.0,0.0,68.0,5774.0,1545.471264367816,1298120.2710428622,556152.0,0.015,0.295,0.08396368715083795,0.003790988458128349,3.4,65.2,19.583798882681574,194.78153096532733,87267.0,0.0,87267.0,26378275.0,18.7,2.933,1.582,3601.006,303.74,2.42,0.0,0.0,19.351,0.0,57.78,0.538
Croatia,303598.0,6486.0,0.13,3.34,1.115674300254453,0.26702025978758853,0.0,0.0,0.0,0.0,4.0,2976.0,859.1845730027549,744884.0808888618,0.0,0.0,0.0,0.0,3.035,2361.091,618.7790188679244,448901.694604429,8.0,12596.0,4026.108333333333,11837134.441554613,1683651.0,0.001,0.363,0.11768486352357341,0.00976532536942155,2.8,2797.2,97.32481389578166,129878.87708949039,500233.0,117283.0,617516.0,4105268.0,44.0,19.724,13.053,22669.797,253.782,5.59,34.3,39.9,0.0,5.54,78.49,0.851
Cuba,91448.0,500.0,0.55,2.22,1.0917187500000003,0.06880653764085923,0.0,0.0,0.0,0.0,0.0,0.0,0.0,0.0,0.0,0.0,0.0,0.0,0.0,0.0,0.0,0.0,107.0,21799.0,8477.352185089974,40862840.81010202,3298208.0,0.001,0.077,0.01872062663185376,0.00029909352813793487,13.0,1177.4,146.87415143603127,30650.333210712426,0.0,0.0,0.0,11326616.0,43.1,14.738,9.719,0.0,190.968,8.27,17.1,53.3,85.198,5.2,78.8,0.783
Cyprus,54621.0,284.0,0.62,1.85,1.0993059125964018,0.08256269197045384,1.0,39.0,10.125,123.37588331731583,2.0,225.0,63.055,4948.879429149314,0.986,25.646,7.890878048780487,57.65717717750001,0.986,173.601,45.94387719298246,2543.562691818559,400.0,63207.0,11484.875,240276385.3933833,4416109.0,0.001,0.06,0.013455026455026428,0.00023976715519000345,16.7,2130.5,312.26084656084646,133111.90192416747,145357.0,57084.0,202441.0,875899.0,37.3,13.416,8.563,32415.132,141.171,9.24,19.6,52.7,0.0,3.4,80.98,0.887
Czechia,1597103.0,28317.0,0.64,2.49,1.1146115288220557,0.10624531261836824,2.0,2064.0,530.1228501228501,367885.69809992955,2.0,9462.0,2980.1474201474202,10202675.786794148,14.02,2990.2,926.8634210526316,970856.5444959255,8.011,14516.391,4925.1425,27349732.7291666,4537.0,341368.0,63234.666666666664,3927352550.8133283,0.0,0.023,0.321,0.14556306306306316,0.00570920423414754,3.1,43.5,10.027477477477479,71.71437603652669,1575629.0,847356.0,2422985.0,10708982.0,43.3,19.027,11.58,32605.906,227.485,6.82,30.5,38.3,0.0,6.63,79.38,0.9
Democratic Republic of Congo,28859.0,745.0,0.93,1.28,1.0674210526315793,0.012497832791473186,0.0,0.0,0.0,0.0,0.0,0.0,0.0,0.0,0.0,0.0,0.0,0.0,0.0,0.0,0.0,0.0,36.0,1217.0,373.78299120234607,46942.60968858132,0.0,0.053,0.452,0.19408646616541358,0.00838112945532218,2.2,19.0,6.566165413533835,12.200446279814882,0.0,0.0,0.0,89561404.0,17.0,3.02,1.745,808.133,318.949,6.1,0.0,0.0,4.472,0.0,60.68,0.48
Denmark,241700.0,2453.0,0.67,2.09,1.0763930348258706,0.06880987182915531,1.0,141.0,37.88145896656535,1492.5274297293279,9.0,964.0,231.29090909090908,61667.91485666245,0.0,0.0,0.0,0.0,0.995,993.757,215.11510000000004,57416.44015996897,1.0,208208.0,57322.89786223278,2974744800.9739237,24132941.0,0.001,0.195,0.01806127450980386,0.0008553917862468232,5.1,964.0,190.41862745098055,29464.09915399429,1022477.0,488202.0,1510679.0,5792203.0,42.3,19.677,12.325,46682.515,114.767,6.41,19.3,18.8,0.0,2.5,80.9,0.94
Djibouti,10385.0,110.0,0.34,1.91,1.0633512064343174,0.1329219237773153,0.0,0.0,0.0,0.0,0.0,0.0,0.0,0.0,0.0,0.0,0.0,0.0,0.0,0.0,0.0,0.0,0.0,0.0,0.0,0.0,0.0,0.0,0.0,0.0,0.0,0.0,0.0,0.0,0.0,0.0,0.0,0.0,988002.0,25.4,4.213,2.38,2705.406,258.037,6.05,1.7,24.5,0.0,1.4,67.11,0.524
Dominica,165.0,0.0,0.09,0.3,0.16450000000000006,0.0023408223650647894,0.0,0.0,0.0,0.0,0.0,0.0,0.0,0.0,0.0,0.0,0.0,0.0,0.0,0.0,0.0,0.0,0.0,0.0,0.0,0.0,0.0,0.0,0.0,0.0,0.0,0.0,0.0,0.0,0.0,17775.0,337.0,18112.0,71991.0,0.0,0.0,0.0,9673.367,227.376,11.62,0.0,0.0,0.0,3.8,75.0,0.742
Dominican Republic,260133.0,3410.0,0.8,2.32,1.07529411764706,0.04855261275476661,0.0,0.0,0.0,0.0,0.0,0.0,0.0,0.0,0.0,0.0,0.0,0.0,0.0,0.0,0.0,0.0,134.0,11329.0,3452.309941520468,3888278.920133126,1357657.0,0.084,0.404,0.19773056994818655,0.004894350777534154,2.5,12.0,5.654922279792748,3.6170764715803676,909898.0,600000.0,1509898.0,10847904.0,27.6,6.981,4.419,14600.861,266.653,8.2,8.5,19.1,55.182,1.6,74.08,0.756
Ecuador,355964.0,17528.0,0.9,2.81,1.109340101522843,0.06973094549009705,0.0,0.0,0.0,0.0,0.0,0.0,0.0,0.0,0.0,0.0,0.0,0.0,0.0,0.0,0.0,0.0,-3743.0,12181.0,2949.1070496083553,4690075.457059839,1149227.0,0.17,0.407,0.26814018691588787,0.0028010097643765565,2.5,5.9,3.8392523364485984,0.5617897683440234,338180.0,183300.0,485132.0,17643060.0,28.1,7.104,4.458,10581.936,140.448,5.55,2.0,12.3,80.635,1.5,77.01,0.759
Egypt,214639.0,12653.0,0.45,1.72,1.0747487437185914,0.05514541682264338,0.0,0.0,0.0,0.0,0.0,0.0,0.0,0.0,0.0,0.0,0.0,0.0,0.0,0.0,0.0,0.0,0.0,0.0,0.0,0.0,0.0,0.0,0.0,0.0,0.0,0.0,0.0,0.0,0.0,148987.0,0.0,164534.0,102334403.0,25.3,5.159,2.891,10550.206,525.432,17.31,0.2,50.1,89.827,1.6,71.99,0.707
El Salvador,67249.0,2068.0,0.35,1.72,1.0350268817204298,0.04917879120320253,0.0,0.0,0.0,0.0,0.0,0.0,0.0,0.0,0.0,0.0,0.0,0.0,0.0,0.0,0.0,0.0,405.0,5498.0,2367.8446866485015,209810.63624623016,868999.0,0.011,0.175,0.07373841961852864,0.0015406849114634655,5.7,90.4,19.31307901907358,220.65771335363854,460565.0,15456.0,200000.0,6486201.0,27.6,8.273,5.417,7292.458,167.295,8.87,2.5,18.8,90.65,1.3,73.32,0.673
Equatorial Guinea,7259.0,106.0,0.11,1.36,0.6898319327731092,0.12118422784370662,0.0,0.0,0.0,0.0,0.0,0.0,0.0,0.0,0.0,0.0,0.0,0.0,0.0,0.0,0.0,0.0,0.0,0.0,0.0,0.0,0.0,0.0,0.0,0.0,0.0,0.0,0.0,0.0,0.0,27579.0,5305.0,32884.0,1402985.0,22.4,2.846,1.752,22604.873,202.812,7.78,0.0,0.0,24.64,2.1,58.74,0.592
Eritrea,3491.0,10.0,0.27,1.28,0.7604918032786883,0.12035189469355956,0.0,0.0,0.0,0.0,0.0,0.0,0.0,0.0,0.0,0.0,0.0,0.0,0.0,0.0,0.0,0.0,0.0,0.0,0.0,0.0,0.0,0.0,0.0,0.0,0.0,0.0,0.0,0.0,0.0,0.0,0.0,0.0,3546427.0,19.3,3.607,2.171,1510.459,311.11,6.05,0.2,11.4,0.0,0.7,66.32,0.459
Estonia,116678.0,1070.0,0.42,1.93,1.0836934673366831,0.08132876802720657,1.0,76.0,17.905339805825243,475.43047933649456,1.0,737.0,185.59708737864077,51883.20444468124,0.998,56.895,16.53770454545454,296.02732672255274,1.996,542.004,127.23288333333333,27658.014994267738,8.0,9448.0,2938.4409638554216,5148156.881356624,1219466.0,0.001,0.208,0.05832029339853299,0.003877523158160323,4.8,1053.4,107.48606356968212,31392.297205642062,277745.0,80926.0,358671.0,1326539.0,42.7,19.452,13.491,29481.252,255.569,4.02,24.5,39.3,0.0,4.69,78.74,0.892
Eswatini,18414.0,670.0,0.38,1.78,0.9883190883190879,0.08983069387755102,0.0,0.0,0.0,0.0,0.0,0.0,0.0,0.0,0.0,0.0,0.0,0.0,0.0,0.0,0.0,0.0,0.0,0.0,0.0,0.0,0.0,0.0,0.0,0.0,0.0,0.0,0.0,0.0,0.0,27601.0,0.0,27601.0,1160164.0,21.5,3.163,1.845,7738.975,333.436,3.94,1.7,16.5,24.097,2.1,60.19,0.611
Ethiopia,238527.0,3300.0,0.22,2.27,1.0860330578512403,0.1048054187906352,0.0,0.0,0.0,0.0,0.0,0.0,0.0,0.0,0.0,0.0,0.0,0.0,0.0,0.0,0.0,0.0,61.0,25158.0,6469.088772845953,20612679.714104597,2478471.0,0.045,0.257,0.08195419847328246,0.0037601264056643068,3.9,724.0,42.5058823529412,8889.97075318869,0.0,0.0,430000.0,114963583.0,19.8,3.526,2.063,1729.927,182.634,7.47,0.4,8.5,7.96,0.3,66.6,0.485
Europe,42823202.0,972627.0,0.0,0.0,0.0,0.0,0.0,0.0,0.0,0.0,0.0,0.0,0.0,0.0,0.0,0.0,0.0,0.0,0.0,0.0,0.0,0.0,0.0,0.0,0.0,0.0,0.0,0.0,0.0,0.0,0.0,0.0,0.0,0.0,0.0,126715246.0,46851939.0,173843396.0,748680069.0,0.0,0.0,0.0,0.0,0.0,0.0,0.0,0.0,0.0,0.0,0.0,0.0
European Union,29146694.0,657886.0,0.0,0.0,0.0,0.0,0.0,0.0,0.0,0.0,0.0,0.0,0.0,0.0,0.0,0.0,0.0,0.0,0.0,0.0,0.0,0.0,0.0,0.0,0.0,0.0,0.0,0.0,0.0,0.0,0.0,0.0,0.0,0.0,0.0,79343977.0,29744792.0,109088769.0,444919060.0,0.0,0.0,0.0,0.0,0.0,0.0,0.0,0.0,0.0,0.0,0.0,0.0
Faeroe Islands,0.0,0.0,0.0,0.0,0.0,0.0,0.0,0.0,0.0,0.0,0.0,0.0,0.0,0.0,0.0,0.0,0.0,0.0,0.0,0.0,0.0,0.0,0.0,0.0,0.0,0.0,0.0,0.0,0.0,0.0,0.0,0.0,0.0,0.0,0.0,9528.0,4777.0,14305.0,48865.0,0.0,0.0,0.0,0.0,0.0,0.0,0.0,0.0,0.0,0.0,80.67,0.0
Falkland Islands,0.0,0.0,0.0,0.0,0.0,0.0,0.0,0.0,0.0,0.0,0.0,0.0,0.0,0.0,0.0,0.0,0.0,0.0,0.0,0.0,0.0,0.0,0.0,0.0,0.0,0.0,0.0,0.0,0.0,0.0,0.0,0.0,0.0,0.0,0.0,2605.0,1717.0,4322.0,3483.0,0.0,0.0,0.0,0.0,0.0,0.0,0.0,0.0,0.0,0.0,81.44,0.0
Fiji,68.0,2.0,0.0,0.0,0.0,0.0,0.0,0.0,0.0,0.0,0.0,0.0,0.0,0.0,0.0,0.0,0.0,0.0,0.0,0.0,0.0,0.0,-357.0,674.0,110.5814696485623,15074.258711374096,41196.0,0.001,0.381,0.004096103896103879,0.00044092349582248265,2.6,1979.0,444.8857954545454,159756.26213028576,27705.0,0.0,27705.0,896444.0,28.6,6.224,3.284,8702.975,412.82,14.49,10.2,34.8,0.0,2.3,67.44,0.743
Finland,83633.0,887.0,0.64,1.55,1.070025062656641,0.043244395343551935,1.0,83.0,26.759183673469387,518.9090298306907,3.0,313.0,131.1061224489796,8273.204834049986,0.0,0.0,0.0,0.0,0.0,0.0,0.0,0.0,14.0,28826.0,10272.416464891041,53586722.23706287,4242517.0,0.001,0.118,0.021341523341523328,0.00032203188623844306,8.5,1443.8,151.44815724815737,45534.7986646121,1267678.0,116412.0,1384090.0,5540718.0,42.8,21.228,13.264,40585.721,153.507,5.76,18.3,22.6,0.0,3.28,81.91,0.938
France,5285304.0,100563.0,0.62,3.05,1.1794902912621361,0.1875698557313774,1.0,7019.0,2458.8840579710145,3315895.733972762,1.0,33466.0,17439.260240963857,107454409.3573304,76.934,4037.019,1236.4792586206897,1086943.102161055,508.17,20232.672,6924.144224137932,29613031.403577086,6512.0,739281.0,210370.7142857143,28692907544.794296,0.0,0.01,0.159,0.05751212121212121,0.0013297408930072706,6.3,100.0,30.55545454545455,683.922436415037,11982970.0,4269590.0,16252560.0,68147687.0,42.0,19.718,13.079,38605.671,86.06,4.77,30.1,35.6,0.0,5.98,82.66,0.901
Gabon,21566.0,132.0,0.81,1.54,1.1624725274725272,0.042258704247584794,0.0,0.0,0.0,0.0,0.0,0.0,0.0,0.0,0.0,0.0,0.0,0.0,0.0,0.0,0.0,0.0,0.0,0.0,0.0,0.0,0.0,0.0,0.0,0.0,0.0,0.0,0.0,0.0,0.0,3925.0,0.0,3925.0,2225728.0,23.1,4.45,2.976,16562.413,259.967,7.2,0.0,0.0,0.0,6.3,66.47,0.703
Gambia,5720.0,170.0,0.65,1.54,0.9666666666666673,0.06996312930998744,0.0,0.0,0.0,0.0,0.0,0.0,0.0,0.0,0.0,0.0,0.0,0.0,0.0,0.0,0.0,0.0,2.0,1301.0,201.65762711864406,44941.762934425475,59489.0,0.003,0.51,0.07035170603674541,0.009498259168975069,2.0,297.7,50.56657534246572,3137.106892887333,16735.0,0.0,16735.0,2416664.0,17.5,2.339,1.417,1561.767,331.43,1.91,0.7,31.2,7.876,1.1,62.05,0.496
Georgia,293321.0,3916.0,0.63,2.36,1.0947382198952886,0.09762027955167021,0.0,0.0,0.0,0.0,0.0,0.0,0.0,0.0,0.0,0.0,0.0,0.0,0.0,0.0,0.0,0.0,0.0,0.0,0.0,0.0,0.0,0.0,0.0,0.0,0.0,0.0,0.0,0.0,0.0,24917.0,0.0,24917.0,3989175.0,38.7,14.864,10.244,9745.079,496.218,7.11,5.3,55.5,0.0,2.6,73.77,0.812
Germany,3134108.0,79894.0,0.65,3.12,1.1517274939172746,0.20187795597858416,200.0,5745.0,2133.2082262210797,3092225.181714316,0.0,0.0,0.0,0.0,0.0,0.0,0.0,0.0,26.193,7629.204,2443.375296875001,5878748.208662317,0.0,0.0,0.0,0.0,52668054.0,0.006,0.154,0.05412068965517243,0.0017082406894429055,6.5,166.7,47.77241379310346,2374.0637488457983,15906352.0,5425990.0,21332342.0,83783945.0,46.6,21.453,15.957,45229.245,156.139,8.31,28.2,33.1,0.0,8.0,81.33,0.947
Ghana,91545.0,766.0,0.82,1.59,1.1353626943005182,0.04219688986338338,0.0,0.0,0.0,0.0,0.0,0.0,0.0,0.0,0.0,0.0,0.0,0.0,0.0,0.0,0.0,0.0,206.0,12735.0,2746.6612903225805,2798131.619652077,1039284.0,0.006,0.319,0.08415544041450776,0.003837325039635689,3.1,166.1,22.322279792746105,512.8428830494181,755686.0,0.0,755686.0,31072945.0,21.1,3.385,1.948,4227.63,298.245,4.97,0.3,7.7,41.047,0.9,64.07,0.611
Gibraltar,0.0,0.0,0.0,0.0,0.0,0.0,0.0,0.0,0.0,0.0,0.0,0.0,0.0,0.0,0.0,0.0,0.0,0.0,0.0,0.0,0.0,0.0,0.0,0.0,0.0,0.0,0.0,0.0,0.0,0.0,0.0,0.0,0.0,0.0,0.0,35825.0,30384.0,66209.0,33691.0,0.0,0.0,0.0,0.0,0.0,0.0,0.0,0.0,0.0,0.0,79.93,0.0
Greece,311033.0,9330.0,0.69,1.58,1.103859649122808,0.045420825231686064,0.0,0.0,0.0,0.0,0.0,0.0,0.0,0.0,1.945,348.13,94.85315254237285,12476.941409868014,7.779,3319.877,860.4062200000001,1004048.870795392,176.0,100543.0,19373.80056980057,330592914.2390531,7249251.0,0.001,0.105,0.03320646766169153,0.0007567492366341006,9.5,768.2,93.22064676616917,16676.85256509599,1671324.0,768886.0,2440210.0,10423056.0,45.3,20.396,14.524,24574.382,175.695,4.55,35.3,52.0,0.0,4.21,82.24,0.888
Greenland,0.0,0.0,0.0,0.0,0.0,0.0,0.0,0.0,0.0,0.0,0.0,0.0,0.0,0.0,0.0,0.0,0.0,0.0,0.0,0.0,0.0,0.0,0.0,0.0,0.0,0.0,0.0,0.0,0.0,0.0,0.0,0.0,0.0,0.0,0.0,6270.0,4297.0,10567.0,56772.0,0.0,0.0,0.0,0.0,199.941,2.16,0.0,0.0,0.0,0.0,71.7,0.0
Grenada,155.0,1.0,-0.0,0.22,0.03786324786324781,0.0035941364447086804,0.0,0.0,0.0,0.0,0.0,0.0,0.0,0.0,0.0,0.0,0.0,0.0,0.0,0.0,0.0,0.0,0.0,0.0,0.0,0.0,0.0,0.0,0.0,0.0,0.0,0.0,0.0,0.0,0.0,9821.0,0.0,9821.0,112519.0,29.4,7.304,5.021,13593.877,243.964,10.71,0.0,0.0,0.0,3.7,72.4,0.779
Guatemala,210667.0,7160.0,0.91,1.56,1.1030727762803207,0.02397037545653762,0.0,0.0,0.0,0.0,0.0,0.0,0.0,0.0,0.0,0.0,0.0,0.0,0.0,0.0,0.0,0.0,1.0,11478.0,2787.1907090464547,5719955.080395761,1139962.0,0.033,0.513,0.19482188295165423,0.009031742704862558,1.9,30.2,6.548346055979646,15.895232650458144,152733.0,1823.0,154556.0,17915567.0,22.9,4.694,3.016,7423.808,155.898,10.18,0.0,0.0,76.665,0.6,74.3,0.663
Guernsey,0.0,0.0,0.0,0.0,0.0,0.0,0.0,0.0,0.0,0.0,0.0,0.0,0.0,0.0,0.0,0.0,0.0,0.0,0.0,0.0,0.0,0.0,0.0,0.0,0.0,0.0,0.0,0.0,0.0,0.0,0.0,0.0,0.0,0.0,0.0,29575.0,8254.0,37829.0,67052.0,0.0,0.0,0.0,0.0,0.0,0.0,0.0,0.0,0.0,0.0,0.0,0.0
Guinea,21392.0,138.0,1.0,1.3,1.0919628647214832,0.005749450401765502,0.0,0.0,0.0,0.0,0.0,0.0,0.0,0.0,0.0,0.0,0.0,0.0,0.0,0.0,0.0,0.0,0.0,0.0,0.0,0.0,0.0,0.0,0.0,0.0,0.0,0.0,0.0,0.0,0.0,0.0,0.0,79665.0,13132792.0,19.0,3.135,1.733,1998.926,336.717,2.42,0.0,0.0,17.45,0.3,61.6,0.477
Guinea-Bissau,3710.0,66.0,0.14,1.26,0.6038920454545446,0.1204582430337416,0.0,0.0,0.0,0.0,0.0,0.0,0.0,0.0,0.0,0.0,0.0,0.0,0.0,0.0,0.0,0.0,0.0,0.0,0.0,0.0,0.0,0.0,0.0,0.0,0.0,0.0,0.0,0.0,0.0,0.0,0.0,0.0,1967998.0,19.4,3.002,1.565,1548.675,382.474,2.42,0.0,0.0,6.403,0.0,58.32,0.48
Guyana,11642.0,267.0,0.5,1.4,1.0286510263929616,0.04267924826989619,0.0,0.0,0.0,0.0,0.0,0.0,0.0,0.0,0.0,0.0,0.0,0.0,0.0,0.0,0.0,0.0,0.0,0.0,0.0,0.0,0.0,0.0,0.0,0.0,0.0,0.0,0.0,0.0,0.0,60172.0,0.0,60172.0,786559.0,26.3,5.305,2.837,7435.047,373.159,11.62,0.0,0.0,77.159,1.6,69.91,0.682
Haiti,12876.0,252.0,0.91,1.43,1.075565217391306,0.020802067840724713,0.0,0.0,0.0,0.0,0.0,0.0,0.0,0.0,0.0,0.0,0.0,0.0,0.0,0.0,0.0,0.0,0.0,0.0,0.0,0.0,0.0,0.0,0.0,0.0,0.0,0.0,0.0,0.0,0.0,0.0,0.0,0.0,11402533.0,24.3,4.8,2.954,1653.173,430.548,6.65,2.9,23.1,22.863,0.7,64.0,0.51
Honduras,199682.0,4934.0,0.96,1.47,1.1047258485639693,0.017728094761656755,0.0,0.0,0.0,0.0,0.0,0.0,0.0,0.0,0.0,0.0,0.0,0.0,0.0,0.0,0.0,0.0,0.0,0.0,0.0,0.0,0.0,0.0,0.0,0.0,0.0,0.0,0.0,0.0,0.0,55000.0,2639.0,57639.0,9904608.0,24.9,4.652,2.883,4541.795,240.208,7.21,2.0,0.0,84.169,0.7,75.27,0.634
Hong Kong,0.0,0.0,0.0,0.0,0.0,0.0,0.0,0.0,0.0,0.0,0.0,0.0,0.0,0.0,0.0,0.0,0.0,0.0,0.0,0.0,0.0,0.0,0.0,0.0,0.0,0.0,11193673.0,0.0,0.0,0.0,0.0,0.0,0.0,0.0,0.0,671715.0,345916.0,1017631.0,7496988.0,44.8,16.303,10.158,56054.92,0.0,8.33,0.0,0.0,0.0,0.0,84.86,0.949
Hungary,742198.0,24762.0,0.46,2.36,1.1253196930946285,0.10934344510190663,0.0,0.0,0.0,0.0,57.0,12553.0,3373.586111111111,12852972.723954655,0.0,0.0,0.0,0.0,0.0,0.0,0.0,0.0,39.0,42553.0,11338.87714987715,112826799.37346818,4614923.0,0.001,0.354,0.09521500000000005,0.0077027641409287625,2.8,1042.3,69.67775000000002,17367.328759995227,3090994.0,1325587.0,4416581.0,9660350.0,43.4,18.577,11.976,26777.561,278.296,7.55,26.8,34.8,0.0,7.02,76.88,0.854
Iceland,6286.0,29.0,0.21,2.12,0.9520749999999998,0.1395770905961646,0.0,14.0,1.688034188034188,9.121737368527693,0.0,80.0,14.649180327868853,394.9215720221607,0.0,0.0,0.0,0.0,0.937,49.669,7.647120000000002,130.93396310416665,7.0,4525.0,783.1646489104116,459781.5855111226,323470.0,0.001,0.132,0.016931203931203873,0.00045300172899123963,7.6,3475.5,271.6854679802957,245285.0483862826,70058.0,28614.0,98672.0,341250.0,37.3,14.431,9.207,46482.958,117.992,5.31,14.3,15.2,0.0,2.91,82.99,0.949
India,14526609.0,175649.0,0.85,2.21,1.1778643216080409,0.09293104708487458,0.0,0.0,0.0,0.0,0.0,0.0,0.0,0.0,0.0,0.0,0.0,0.0,0.0,0.0,0.0,0.0,157.0,1492409.0,684624.7161803714,174919543214.5844,263476625.0,0.016,0.132,0.05526972010178105,0.0008595379464285713,7.6,62.0,25.104834605597976,237.02709261765932,104408484.0,15529157.0,119937641.0,1380004385.0,28.2,5.989,3.414,6426.674,282.28,10.39,1.9,20.6,59.55,0.53,69.66,0.645
Indonesia,1594722.0,43196.0,0.85,2.12,1.1057934508816119,0.03916567697173757,0.0,0.0,0.0,0.0,0.0,0.0,0.0,0.0,0.0,0.0,0.0,0.0,0.0,0.0,0.0,0.0,25.0,87194.0,22442.284280936456,283218333.8519099,9104944.0,0.082,0.424,0.16422622107969148,0.003293557551280689,2.4,12.2,6.686118251928022,3.7852207328090133,10457337.0,5550906.0,16008243.0,273523621.0,29.3,5.319,3.053,11188.744,342.864,6.32,2.8,76.1,64.204,1.04,71.72,0.718
International,721.0,15.0,0.0,0.0,0.0,0.0,0.0,0.0,0.0,0.0,0.0,0.0,0.0,0.0,0.0,0.0,0.0,0.0,0.0,0.0,0.0,0.0,0.0,0.0,0.0,0.0,0.0,0.0,0.0,0.0,0.0,0.0,0.0,0.0,0.0,0.0,0.0,0.0,0.0,0.0,0.0,0.0,0.0,0.0,0.0,0.0,0.0,0.0,0.0,0.0,0.0
Iran,2194133.0,66008.0,0.74,4.82,1.1290602409638555,0.22592723984223667,0.0,0.0,0.0,0.0,0.0,0.0,0.0,0.0,0.0,0.0,0.0,0.0,0.0,0.0,0.0,0.0,9135.0,92186.0,30815.978494623654,279367958.8635793,13964570.0,0.075,0.326,0.14081571815718158,0.0036439035842982044,3.1,13.3,8.005149051490504,5.688977359995274,361951.0,100691.0,462642.0,83992953.0,32.4,5.44,3.182,19082.62,270.308,9.59,0.8,21.1,0.0,1.5,76.68,0.783
Iraq,964435.0,14915.0,0.68,1.96,1.1173182957393488,0.05885299929294714,0.0,0.0,0.0,0.0,0.0,0.0,0.0,0.0,0.0,0.0,0.0,0.0,0.0,0.0,0.0,0.0,698.0,53021.0,21726.896551724138,170914458.22257876,8690527.0,0.009,0.215,0.11251358695652174,0.004701684280082264,4.7,110.9,18.851902173913057,405.7028775920826,152962.0,0.0,152962.0,40222503.0,20.0,3.186,1.957,15663.986,218.612,8.83,0.0,0.0,94.576,1.4,70.6,0.674
Ireland,242819.0,4831.0,0.45,2.87,1.0847989949748744,0.1867475588323002,4.0,221.0,62.645669291338585,3485.074626038781,6.0,2020.0,394.2587064676617,202254.96642433814,3.979,66.64,18.01387037037037,333.8398438454966,3.979,889.202,158.4179454545455,38910.56585445987,946.0,29972.0,10749.370558375635,39630237.43198078,4241709.0,0.001,0.255,0.04819587628865973,0.002573091133679199,3.9,683.0,75.42190721649487,14325.959485340758,789526.0,331477.0,1121003.0,4937796.0,38.7,13.928,8.678,67335.293,126.459,3.28,23.0,25.7,0.0,2.96,82.3,0.955
Isle of Man,0.0,0.0,0.0,0.0,0.0,0.0,0.0,0.0,0.0,0.0,0.0,0.0,0.0,0.0,0.0,0.0,0.0,0.0,0.0,0.0,0.0,0.0,0.0,0.0,0.0,0.0,0.0,0.0,0.0,0.0,0.0,0.0,0.0,0.0,0.0,48625.0,15474.0,64099.0,85032.0,0.0,0.0,0.0,0.0,0.0,0.0,0.0,0.0,0.0,0.0,81.4,0.0
Israel,836936.0,6316.0,0.41,2.94,1.0814285714285712,0.22173482298426808,99.0,420.0,221.50819672131146,8122.416399939034,10.0,2390.0,903.8252427184466,342575.1186294185,5.0,1187.0,364.59322033898303,106893.2440546968,22.0,1985.0,741.1355932203389,288844.97532699164,13.0,126327.0,37070.66983372922,956850837.176508,15606781.0,0.003,0.13,0.045942168674698816,0.0009765044225069431,7.7,347.9,48.51469879518075,3749.7613022474266,5341887.0,4965696.0,10307583.0,8655541.0,30.6,11.733,7.359,33132.32,93.32,6.74,15.4,35.4,0.0,2.99,82.97,0.919
Italy,3842079.0,116366.0,0.63,3.55,1.1305502392344495,0.21206322424075127,26.0,4068.0,1648.6690821256038,1880913.4347272953,127.0,38507.0,16215.734299516907,158456569.89103532,0.0,0.0,0.0,0.0,337.58,18468.58,6073.818852459014,28374665.435649704,-47510.0,378463.0,129977.37649880096,10662850104.179893,54204890.0,0.004,0.268,0.06698783454987838,0.003916840547293277,3.7,272.2,57.034063260340595,5024.184158239143,10311621.0,4332143.0,14643764.0,60461828.0,47.9,23.021,16.24,35220.084,113.151,4.78,19.8,27.8,0.0,3.18,83.51,0.892
Jamaica,43473.0,713.0,0.63,1.86,1.0850546448087433,0.05391720472884218,0.0,0.0,0.0,0.0,0.0,0.0,0.0,0.0,0.0,0.0,0.0,0.0,0.0,0.0,0.0,0.0,34.0,2976.0,636.7106382978724,173922.62139308936,310238.0,0.006,0.29,0.10354855643044614,0.005870557451523546,3.5,159.3,27.962729658792643,1196.5371022160666,135473.0,0.0,135473.0,2961161.0,31.4,9.684,6.39,8193.571,206.537,11.28,5.3,28.6,66.425,1.7,74.47,0.734
Japan,526307.0,9552.0,0.43,2.03,1.1014761904761907,0.10096119183645572,0.0,0.0,0.0,0.0,0.0,0.0,0.0,0.0,0.0,0.0,0.0,0.0,0.0,0.0,0.0,0.0,4.0,103676.0,23357.532258064515,605555913.7875181,10137169.0,0.007,0.204,0.054551162790697626,0.0013622788074396466,4.9,138.0,29.115813953488352,534.2319015871464,1175324.0,678405.0,1853729.0,126476458.0,48.2,27.049,18.493,39002.223,79.37,5.72,11.2,33.7,0.0,13.05,84.63,0.919
Jersey,0.0,0.0,0.0,0.0,0.0,0.0,0.0,0.0,0.0,0.0,0.0,0.0,0.0,0.0,0.0,0.0,0.0,0.0,0.0,0.0,0.0,0.0,0.0,0.0,0.0,0.0,0.0,0.0,0.0,0.0,0.0,0.0,0.0,0.0,0.0,45585.0,25274.0,70859.0,101073.0,0.0,0.0,0.0,0.0,0.0,0.0,0.0,0.0,0.0,0.0,0.0,0.0
Jordan,681870.0,8117.0,0.62,1.84,1.115538461538462,0.09900928489766787,0.0,0.0,0.0,0.0,0.0,0.0,0.0,0.0,0.0,0.0,0.0,0.0,0.0,0.0,0.0,0.0,9583.0,54052.0,27341.101796407187,96355084.73392364,6426320.0,0.039,0.247,0.1250310559006212,0.0036097148437500004,4.0,25.4,10.687577639751549,42.00810585937499,543095.0,122131.0,665226.0,10203140.0,23.2,3.81,2.361,8337.49,208.257,11.75,0.0,0.0,0.0,1.4,74.53,0.729
Kazakhstan,335868.0,3282.0,0.73,1.69,1.0753108808290157,0.03228497621858661,0.0,0.0,0.0,0.0,0.0,0.0,0.0,0.0,0.0,0.0,0.0,0.0,0.0,0.0,0.0,0.0,207.0,68801.0,23951.50127226463,179228835.59673053,9464077.0,0.005,0.228,0.03641475826972007,0.0013671427985735111,4.4,203.0,46.421628498727756,845.4759724463764,338582.0,105392.0,443974.0,18776707.0,30.6,6.991,4.625,24055.588,466.792,7.11,7.0,43.1,98.999,6.7,73.6,0.825
Kenya,150260.0,2443.0,0.62,1.56,1.0910554089709767,0.0614000706867109,0.0,0.0,0.0,0.0,0.0,0.0,0.0,0.0,0.0,0.0,0.0,0.0,0.0,0.0,0.0,0.0,21.0,19403.0,3231.35593220339,5208552.3965650825,1584731.0,0.011,0.192,0.06745142857142862,0.001879352271327822,5.2,94.8,23.071142857142835,290.27460102954814,569244.0,0.0,569244.0,53771300.0,20.0,2.686,1.528,2993.028,218.637,2.92,1.2,20.4,24.651,1.4,66.7,0.601
Kosovo,100329.0,2061.0,0.95,1.37,1.1322309711286076,0.011554429362880888,0.0,0.0,0.0,0.0,0.0,0.0,0.0,0.0,0.0,0.0,0.0,0.0,0.0,0.0,0.0,0.0,0.0,0.0,0.0,0.0,0.0,0.0,0.0,0.0,0.0,0.0,0.0,0.0,0.0,10704.0,0.0,10704.0,1932774.0,0.0,0.0,0.0,9795.834,0.0,0.0,0.0,0.0,0.0,0.0,0.0,0.0
Kuwait,254472.0,1436.0,0.71,2.42,1.0890954773869361,0.06876462892347517,0.0,0.0,0.0,0.0,0.0,0.0,0.0,0.0,0.0,0.0,0.0,0.0,0.0,0.0,0.0,0.0,1990.0,12279.0,5816.495548961424,7105386.894123795,2187159.0,0.037,0.263,0.13382779456193356,0.0030446394949494946,3.8,26.8,9.446525679758308,29.94986740128558,500000.0,38000.0,604861.0,4270563.0,33.7,2.345,1.114,65530.537,132.235,15.84,2.7,37.0,0.0,2.0,75.49,0.806
Kyrgyzstan,91374.0,1544.0,0.63,1.63,1.0523622047244077,0.055872877423822714,0.0,0.0,0.0,0.0,0.0,0.0,0.0,0.0,0.0,0.0,0.0,0.0,0.0,0.0,0.0,0.0,0.0,0.0,0.0,0.0,0.0,0.0,0.0,0.0,0.0,0.0,0.0,0.0,0.0,2100.0,0.0,2100.0,6524191.0,26.3,4.489,2.882,3393.474,436.362,7.11,3.6,50.5,89.22,4.5,71.45,0.697
Laos,54.0,0.0,0.0,0.0,0.0,0.0,0.0,0.0,0.0,0.0,0.0,0.0,0.0,0.0,0.0,0.0,0.0,0.0,0.0,0.0,0.0,0.0,0.0,0.0,0.0,0.0,0.0,0.0,0.0,0.0,0.0,0.0,0.0,0.0,0.0,40732.0,0.0,40732.0,7275556.0,24.4,4.029,2.322,6397.36,368.111,4.0,7.3,51.2,49.839,1.5,67.92,0.613
Latvia,110343.0,2042.0,0.71,1.76,1.0910969387755123,0.049710718794356394,0.0,0.0,0.0,0.0,2.0,1155.0,319.0131926121372,142520.75207860916,0.989,161.165,66.42328205128204,3577.144819825485,0.0,0.0,0.0,0.0,10.0,24155.0,4977.801452784503,25322801.22914507,2055948.0,0.001,0.119,0.034086206896551716,0.00112015122085048,8.4,5097.9,214.72561576354695,173843.36493546714,174005.0,27804.0,201809.0,1886202.0,43.9,19.754,14.136,25063.846,350.06,4.91,25.6,51.0,0.0,5.57,75.29,0.866
Lebanon,506808.0,6854.0,0.72,1.62,1.1122418136020151,0.031060856035098453,0.0,0.0,0.0,0.0,0.0,0.0,0.0,0.0,0.0,0.0,0.0,0.0,0.0,0.0,0.0,0.0,0.0,0.0,0.0,0.0,0.0,0.0,0.0,0.0,0.0,0.0,0.0,0.0,0.0,199999.0,122648.0,322647.0,6825442.0,31.1,8.514,5.43,13367.565,266.591,12.71,26.9,40.7,0.0,2.9,78.93,0.744
Lesotho,10709.0,315.0,0.22,1.59,0.9114946619217081,0.1380285089285714,0.0,0.0,0.0,0.0,0.0,0.0,0.0,0.0,0.0,0.0,0.0,0.0,0.0,0.0,0.0,0.0,0.0,0.0,0.0,0.0,0.0,0.0,0.0,0.0,0.0,0.0,0.0,0.0,0.0,0.0,0.0,0.0,2142252.0,22.2,4.506,2.647,2851.153,405.126,3.94,0.4,53.9,2.117,0.0,54.33,0.527
Liberia,2042.0,85.0,0.05,1.34,0.7176944444444451,0.1312185690675895,0.0,0.0,0.0,0.0,0.0,0.0,0.0,0.0,0.0,0.0,0.0,0.0,0.0,0.0,0.0,0.0,0.0,0.0,0.0,0.0,0.0,0.0,0.0,0.0,0.0,0.0,0.0,0.0,0.0,0.0,0.0,0.0,5057677.0,19.2,3.057,1.756,752.788,272.509,2.42,1.5,18.1,1.188,0.8,64.1,0.48
Libya,171131.0,2882.0,0.93,1.38,1.100897832817336,0.016778570464102468,0.0,0.0,0.0,0.0,0.0,0.0,0.0,0.0,0.0,0.0,0.0,0.0,0.0,0.0,0.0,0.0,1.0,7698.0,2364.2507936507936,3715042.203304393,0.0,0.002,0.268,0.08902395209580838,0.006054137937291334,3.7,965.0,81.81341463414635,34435.59884451805,0.0,0.0,0.0,6871287.0,29.0,4.424,2.816,17881.509,341.862,10.43,0.0,0.0,0.0,3.7,72.91,0.724
Liechtenstein,2790.0,56.0,0.18,1.78,1.0067234042553188,0.1432733070348455,0.0,0.0,0.0,0.0,0.0,0.0,0.0,0.0,0.0,0.0,0.0,0.0,0.0,0.0,0.0,0.0,1.0,382.0,112.33639143730886,6701.689638300275,36734.0,0.001,0.219,0.060813455657492334,0.005267104294478527,4.6,1000.0,80.6334558823529,22228.31778461622,5305.0,2970.0,8275.0,38137.0,0.0,0.0,0.0,0.0,0.0,7.77,0.0,0.0,0.0,2.397,82.49,0.919
Lithuania,231601.0,3739.0,0.64,1.67,1.081897435897436,0.0571308093390871,0.0,0.0,0.0,0.0,1.0,2571.0,1253.8650793650793,579067.757184,8.769,128.608,67.0104074074074,1041.214896581361,0.974,779.443,230.30586,60511.004775407746,114.0,18846.0,6528.689743589744,17228359.292973217,2546189.0,0.002,0.254,0.06297656250000006,0.004646920068989494,3.9,500.0,80.15598958333345,9705.86143119116,561712.0,209354.0,771066.0,2722291.0,43.5,19.002,13.778,29524.265,342.989,3.67,21.3,38.0,0.0,6.56,75.93,0.882
Luxembourg,64746.0,785.0,0.54,2.63,1.1037468354430369,0.12174798371511764,1.0,50.0,15.765133171912833,210.25503699688943,1.0,247.0,92.74300254452926,4606.581216159933,0.0,0.0,0.0,0.0,0.0,0.0,0.0,0.0,1.0,16175.0,6162.980582524272,21150983.03590436,2539169.0,0.001,0.216,0.030925000000000015,0.0011160024999842966,4.6,969.6,104.40675000000009,25396.22035615354,110434.0,42986.0,153420.0,625976.0,39.7,14.312,9.842,94277.965,128.275,4.42,20.9,26.0,0.0,4.51,82.25,0.916
Macao,0.0,0.0,0.0,0.0,0.0,0.0,0.0,0.0,0.0,0.0,0.0,0.0,0.0,0.0,0.0,0.0,0.0,0.0,0.0,0.0,0.0,0.0,0.0,0.0,0.0,0.0,0.0,0.0,0.0,0.0,0.0,0.0,0.0,0.0,0.0,50184.0,27052.0,77236.0,649342.0,39.2,9.798,4.991,104861.851,0.0,0.0,0.0,0.0,0.0,0.0,84.24,0.0
Madagascar,31039.0,531.0,0.24,1.83,0.8571351351351357,0.1474972672057344,0.0,0.0,0.0,0.0,0.0,0.0,0.0,0.0,0.0,0.0,0.0,0.0,0.0,0.0,0.0,0.0,42.0,1730.0,558.6551724137931,106377.17482422931,154334.0,0.104,0.547,0.14575146198830416,0.014779173278523575,1.8,197.5,13.510091743119267,434.1288166660394,0.0,0.0,0.0,27691019.0,19.6,2.929,1.686,1416.44,405.994,3.94,0.0,0.0,50.54,0.2,67.04,0.528
Malawi,33919.0,1136.0,0.59,2.05,1.0664723926380373,0.16999932402366866,0.0,0.0,0.0,0.0,0.0,0.0,0.0,0.0,0.0,0.0,0.0,0.0,0.0,0.0,0.0,0.0,1.0,1995.0,303.21276595744683,71322.72652921159,225576.0,0.003,0.377,0.08897066666666668,0.007416186450856473,2.7,329.0,35.48586666666664,2094.0312336641027,240744.0,0.0,240744.0,19129955.0,18.1,2.979,1.783,1095.042,227.349,3.94,4.4,24.7,8.704,1.3,64.26,0.483
Malaysia,370528.0,1365.0,0.54,2.43,1.1154590570719602,0.11365882094502609,0.0,0.0,0.0,0.0,0.0,0.0,0.0,0.0,0.0,0.0,0.0,0.0,0.0,0.0,0.0,0.0,3.0,126964.0,21776.41424802111,376997540.462396,8407970.0,0.001,0.163,0.03541092636579573,0.0011261166439909297,6.1,1881.5,212.9125000000003,120973.19896205545,653531.0,425164.0,1078695.0,32365998.0,29.9,6.293,3.407,26808.164,260.942,16.74,1.0,42.4,0.0,1.9,76.16,0.81
Maldives,26021.0,68.0,0.77,1.82,1.0609497206703915,0.040362772560004395,0.0,0.0,0.0,0.0,0.0,0.0,0.0,0.0,0.0,0.0,0.0,0.0,0.0,0.0,0.0,0.0,22.0,6659.0,1847.4642857142858,1728020.3738360316,687867.0,0.001,0.142,0.0438020565552699,0.0011072479208736315,7.0,1125.9,47.836482939632596,9540.17692596953,274782.0,28970.0,303752.0,540542.0,30.6,4.12,2.875,15183.616,164.905,9.19,2.1,55.0,95.803,0.0,78.92,0.74
Mali,12835.0,426.0,0.76,1.43,1.0866124661246612,0.03242100661625708,0.0,0.0,0.0,0.0,0.0,0.0,0.0,0.0,0.0,0.0,0.0,0.0,0.0,0.0,0.0,0.0,0.0,0.0,0.0,0.0,0.0,0.0,0.0,0.0,0.0,0.0,0.0,0.0,0.0,26226.0,0.0,26226.0,20250834.0,16.4,2.519,1.486,2014.306,268.024,2.42,1.6,23.0,52.232,0.1,59.31,0.434
Malta,29860.0,405.0,0.19,1.59,0.9610539845758357,0.08354655316718036,0.0,0.0,0.0,0.0,0.0,0.0,0.0,0.0,0.0,0.0,0.0,0.0,3.432,89.241,21.77205084745762,558.4136166935195,5.0,4760.0,2015.0575539568345,1257665.2138440735,840325.0,0.001,0.077,0.027099750623441353,0.00040947944375000004,13.0,6062.9,258.1989974937341,486631.32973106747,183987.0,80671.0,264658.0,441539.0,42.4,19.426,11.324,36513.323,168.711,8.83,20.9,30.2,0.0,4.485,82.53,0.895
Marshall Islands,4.0,0.0,0.0,0.0,0.0,0.0,0.0,0.0,0.0,0.0,0.0,0.0,0.0,0.0,0.0,0.0,0.0,0.0,0.0,0.0,0.0,0.0,0.0,0.0,0.0,0.0,0.0,0.0,0.0,0.0,0.0,0.0,0.0,0.0,0.0,0.0,0.0,0.0,59194.0,0.0,0.0,0.0,3819.202,557.793,30.53,0.0,0.0,82.502,2.7,73.7,0.704
Mauritania,18103.0,452.0,0.65,1.82,1.016415662650603,0.0929807029873769,0.0,0.0,0.0,0.0,0.0,0.0,0.0,0.0,0.0,0.0,0.0,0.0,0.0,0.0,0.0,0.0,1.0,1195.0,339.5507246376812,86499.071583045,254282.0,0.0,0.0,0.0,0.0,0.0,0.0,0.0,0.0,2930.0,0.0,2930.0,4649660.0,20.3,3.138,1.792,3597.633,232.347,2.42,0.0,0.0,15.95,0.0,64.92,0.546
Mauritius,1202.0,15.0,0.01,1.3,0.4147395833333334,0.127983592498415,0.0,0.0,0.0,0.0,0.0,0.0,0.0,0.0,0.0,0.0,0.0,0.0,0.0,0.0,0.0,0.0,0.0,0.0,0.0,0.0,0.0,0.0,0.0,0.0,0.0,0.0,0.0,0.0,0.0,3843.0,0.0,3843.0,1271767.0,37.4,10.945,5.884,20292.745,224.644,22.02,3.2,40.7,0.0,3.4,74.99,0.804
Mexico,2299939.0,211693.0,0.86,1.92,1.1089847715736039,0.052678415528750584,0.0,0.0,0.0,0.0,0.0,0.0,0.0,0.0,0.0,0.0,0.0,0.0,0.0,0.0,0.0,0.0,45.0,48171.0,12586.193617021276,137121700.7794927,5915536.0,0.01,0.531,0.3354957081545067,0.025405008736270086,1.9,100.0,9.111373390557974,289.0323313215401,10134800.0,3286908.0,13421708.0,128932753.0,29.3,6.857,4.321,17336.469,152.783,13.06,6.9,21.4,87.847,1.38,75.05,0.779
Micronesia (country),1.0,0.0,0.0,0.0,0.0,0.0,0.0,0.0,0.0,0.0,0.0,0.0,0.0,0.0,0.0,0.0,0.0,0.0,0.0,0.0,0.0,0.0,0.0,0.0,0.0,0.0,0.0,0.0,0.0,0.0,0.0,0.0,0.0,0.0,0.0,0.0,0.0,0.0,115021.0,23.0,4.81,2.392,3299.464,454.343,12.02,0.0,0.0,0.0,0.0,67.88,0.62
Moldova,244866.0,5521.0,0.69,2.06,1.0826735218508994,0.04144385694547773,0.0,0.0,0.0,0.0,0.0,0.0,0.0,0.0,0.0,0.0,0.0,0.0,0.0,0.0,0.0,0.0,0.0,0.0,0.0,0.0,0.0,0.0,0.0,0.0,0.0,0.0,0.0,0.0,0.0,82267.0,9476.0,91743.0,4033963.0,37.6,10.864,6.955,5189.972,408.502,5.72,5.9,44.6,86.979,5.8,71.9,0.75
Monaco,2391.0,31.0,0.16,1.57,0.9714046822742476,0.11549535719111752,0.0,0.0,0.0,0.0,0.0,0.0,0.0,0.0,0.0,0.0,0.0,0.0,0.0,0.0,0.0,0.0,0.0,0.0,0.0,0.0,0.0,0.0,0.0,0.0,0.0,0.0,0.0,0.0,0.0,11715.0,8795.0,20510.0,39244.0,0.0,0.0,0.0,0.0,0.0,5.46,0.0,0.0,0.0,13.8,86.75,0.0
Mongolia,19672.0,37.0,0.21,1.56,0.8407462686567163,0.19139863118075226,0.0,0.0,0.0,0.0,0.0,0.0,0.0,0.0,0.0,0.0,0.0,0.0,0.0,0.0,0.0,0.0,644.0,57833.0,15444.257142857143,98169282.34739402,2314818.0,0.001,0.037,0.00538571428571429,6.313638010454947e-05,27.0,5979.6,722.8899999999999,789065.4693369908,0.0,0.0,632812.0,3278292.0,28.6,4.031,2.421,11840.846,460.043,4.82,5.5,46.5,71.18,7.0,69.87,0.737
Montenegro,95205.0,1421.0,-0.01,2.35,0.9180314960629913,0.19819006301939054,0.0,0.0,0.0,0.0,0.0,0.0,0.0,0.0,0.0,0.0,0.0,0.0,0.0,0.0,0.0,0.0,0.0,0.0,0.0,0.0,0.0,0.0,0.0,0.0,0.0,0.0,0.0,0.0,0.0,37519.0,13290.0,50809.0,628062.0,39.1,14.762,9.395,16409.288,387.305,10.08,44.0,47.9,0.0,3.861,76.88,0.829
Montserrat,0.0,0.0,0.0,0.0,0.0,0.0,0.0,0.0,0.0,0.0,0.0,0.0,0.0,0.0,0.0,0.0,0.0,0.0,0.0,0.0,0.0,0.0,0.0,0.0,0.0,0.0,0.0,0.0,0.0,0.0,0.0,0.0,0.0,0.0,0.0,1266.0,276.0,1542.0,4999.0,0.0,0.0,0.0,0.0,0.0,0.0,0.0,0.0,0.0,0.0,74.16,0.0
Morocco,504847.0,8934.0,0.74,1.91,1.0783076923076929,0.05844921987034186,0.0,0.0,0.0,0.0,0.0,0.0,0.0,0.0,0.0,0.0,0.0,0.0,0.0,0.0,0.0,0.0,1.0,25162.0,13787.662468513854,63086541.956662595,5623358.0,0.004,0.265,0.09075308641975295,0.004938685147289482,3.8,253.6,31.135061728395073,2359.0959667557104,4583664.0,4180155.0,8763819.0,36910558.0,29.6,6.769,4.209,7485.013,419.146,7.14,0.8,47.1,0.0,1.1,76.68,0.686
Mozambique,69067.0,797.0,0.71,1.58,1.0652352941176475,0.03680828221125817,0.0,0.0,0.0,0.0,0.0,0.0,0.0,0.0,0.0,0.0,0.0,0.0,0.0,0.0,0.0,0.0,-87.0,5923.0,1310.218085106383,856579.3090560001,499510.0,0.003,0.336,0.09638726790450924,0.006890516608193753,3.0,370.6,22.563925729442943,1156.1741611023087,57305.0,0.0,57305.0,31255435.0,17.7,3.158,1.87,1136.103,329.942,3.3,5.1,29.1,12.227,0.7,60.85,0.456
Myanmar,142617.0,3206.0,0.39,2.21,0.9565193370165738,0.1577167609211102,0.0,0.0,0.0,0.0,0.0,0.0,0.0,0.0,0.0,0.0,0.0,0.0,0.0,0.0,0.0,0.0,63.0,83383.0,7792.210355987055,87103352.99016486,2482290.0,0.001,0.218,0.041176656151419584,0.002247643116087165,4.6,2531.5,285.0731861198738,221942.86540338086,1000000.0,40000.0,1040000.0,54409794.0,29.1,5.732,3.12,5591.597,202.104,4.61,6.3,35.2,79.287,0.9,67.13,0.583
Namibia,46330.0,599.0,0.78,1.6,1.0749830508474583,0.050753250960248054,0.0,0.0,0.0,0.0,0.0,0.0,0.0,0.0,0.0,0.0,0.0,0.0,0.0,0.0,0.0,0.0,15.0,2778.0,1115.0566037735848,410363.75239080895,366186.0,0.001,0.257,0.09348118279569896,0.004206599952049171,3.9,937.1,31.96936936936933,6490.208760705472,2526.0,0.0,2526.0,2540916.0,22.0,3.552,2.085,9541.808,243.811,3.94,9.7,34.2,44.6,0.0,63.71,0.646
Nepal,282890.0,3070.0,0.59,2.0,1.0931686046511628,0.10850421168050725,0.0,0.0,0.0,0.0,0.0,0.0,0.0,0.0,0.0,0.0,0.0,0.0,0.0,0.0,0.0,0.0,1.0,20118.0,5706.922885572139,18890760.50477298,2329547.0,0.001,0.252,0.07386986301369862,0.005024344024422812,4.0,1179.5,45.29640102827765,11728.802894236902,0.0,0.0,1700000.0,29136808.0,25.0,5.809,3.212,2442.804,260.797,7.26,9.5,37.8,47.782,0.3,70.78,0.602
Netherlands,1411474.0,17080.0,0.62,2.87,1.119039408866996,0.14953823258649596,8.0,1424.0,420.68536585365854,119701.07953682725,9.0,3284.0,1094.0488997555012,616033.6037821992,1.969,738.25,173.0950666666667,24964.939136985922,4.922,3232.552,893.9883500000002,602483.641002517,0.0,0.0,0.0,0.0,8255915.0,0.006,0.292,0.08867241379310345,0.0037811935980301627,3.4,166.7,27.062068965517234,1344.7265373961213,2957777.0,826135.0,3783912.0,17134873.0,43.2,18.779,11.881,48472.545,109.361,5.29,24.4,27.3,0.0,3.32,82.28,0.944
New Zealand,2591.0,26.0,0.2,1.92,0.8889230769230775,0.08173247335135243,0.0,0.0,0.0,0.0,0.0,0.0,0.0,0.0,0.0,0.0,0.0,0.0,0.0,0.0,0.0,0.0,25.0,25005.0,4918.222891566265,14787903.24108031,1963982.0,0.001,0.04,0.002254320987654322,3.356363959415744e-05,24.9,27035.0,2149.637726098188,8061555.660420951,105391.0,30194.0,135585.0,4822233.0,37.9,15.322,9.72,36085.843,128.797,8.08,14.8,17.2,0.0,2.61,82.29,0.931
Nicaragua,6778.0,180.0,0.08,1.51,0.7627409638554229,0.32319659915480875,0.0,0.0,0.0,0.0,0.0,0.0,0.0,0.0,0.0,0.0,0.0,0.0,0.0,0.0,0.0,0.0,0.0,0.0,0.0,0.0,0.0,0.0,0.0,0.0,0.0,0.0,0.0,0.0,0.0,0.0,0.0,61625.0,6624554.0,27.3,5.445,3.519,5321.444,137.016,11.47,0.0,0.0,0.0,0.9,74.48,0.66
Niger,5116.0,190.0,0.43,1.57,0.8900793650793661,0.08011659126568119,0.0,0.0,0.0,0.0,0.0,0.0,0.0,0.0,0.0,0.0,0.0,0.0,0.0,0.0,0.0,0.0,0.0,0.0,0.0,0.0,0.0,0.0,0.0,0.0,0.0,0.0,0.0,0.0,0.0,0.0,0.0,0.0,24206636.0,15.1,2.553,1.378,926.0,238.339,2.42,0.1,15.4,8.978,0.3,62.42,0.394
Nigeria,164147.0,2061.0,0.6,1.94,1.0444647519582242,0.06885838450152133,0.0,0.0,0.0,0.0,0.0,0.0,0.0,0.0,0.0,0.0,0.0,0.0,0.0,0.0,0.0,0.0,504.0,29602.0,4307.085889570552,18891385.109015394,1838174.0,0.014,0.298,0.10341483516483532,0.004558761074304275,3.4,69.0,17.170329670329657,217.4532428719957,1051096.0,0.0,1051096.0,206139587.0,18.1,2.751,1.447,5338.454,181.013,2.42,0.6,10.8,41.949,0.0,54.69,0.539
North America,36512957.0,830734.0,0.0,0.0,0.0,0.0,0.0,0.0,0.0,0.0,0.0,0.0,0.0,0.0,0.0,0.0,0.0,0.0,0.0,0.0,0.0,0.0,0.0,0.0,0.0,0.0,0.0,0.0,0.0,0.0,0.0,0.0,0.0,0.0,0.0,149236870.0,85870368.0,228860146.0,592072204.0,0.0,0.0,0.0,0.0,0.0,0.0,0.0,0.0,0.0,0.0,0.0,0.0
North Macedonia,145909.0,4388.0,0.66,1.85,1.0862307692307682,0.044750202549546994,0.0,0.0,0.0,0.0,0.0,0.0,0.0,0.0,0.0,0.0,0.0,0.0,0.0,0.0,0.0,0.0,113.0,5569.0,1778.3070866141732,1260228.5129847645,680661.0,0.048,0.398,0.17133600000000013,0.00980855386914124,2.5,21.0,8.024800000000006,19.973074222883124,38626.0,0.0,38626.0,2083380.0,39.1,13.26,8.16,13111.214,322.688,10.08,0.0,0.0,0.0,4.28,75.8,0.774
Northern Cyprus,0.0,0.0,0.0,0.0,0.0,0.0,0.0,0.0,0.0,0.0,0.0,0.0,0.0,0.0,0.0,0.0,0.0,0.0,0.0,0.0,0.0,0.0,0.0,0.0,0.0,0.0,0.0,0.0,0.0,0.0,0.0,0.0,0.0,0.0,0.0,56516.0,48462.0,104978.0,0.0,0.0,0.0,0.0,0.0,0.0,0.0,0.0,0.0,0.0,0.0,0.0,0.0
Norway,106727.0,708.0,0.6,3.06,1.092955665024631,0.12272630025910686,0.0,0.0,0.0,0.0,2.0,325.0,100.78453038674033,7206.846356304816,1.01,77.77,12.33883333333333,240.61231450732546,2.02,290.879,64.67358333333331,4639.079178325193,12.0,37943.0,11823.329326923076,86108245.4203513,4918505.0,0.002,0.095,0.020877750611246918,0.0003432572027585544,10.5,607.3,115.4545232273839,15376.213520220588,1025429.0,299631.0,1325060.0,5421242.0,39.7,16.821,10.813,64800.057,114.316,5.31,19.6,20.7,0.0,3.6,82.4,0.957
Oceania,41532.0,1020.0,0.0,0.0,0.0,0.0,0.0,0.0,0.0,0.0,0.0,0.0,0.0,0.0,0.0,0.0,0.0,0.0,0.0,0.0,0.0,0.0,0.0,0.0,0.0,0.0,0.0,0.0,0.0,0.0,0.0,0.0,0.0,0.0,0.0,295471.0,30194.0,1586948.0,42677809.0,0.0,0.0,0.0,0.0,0.0,0.0,0.0,0.0,0.0,0.0,0.0,0.0
Oman,176668.0,1821.0,0.62,1.57,1.1639119170984462,0.04335580097824253,0.0,0.0,0.0,0.0,0.0,0.0,0.0,0.0,0.0,0.0,0.0,0.0,0.0,0.0,0.0,0.0,1314.0,6173.0,3400.677966101695,774455.4554102259,0.0,0.28,0.361,0.32428846153846147,0.0002667381776239907,2.8,3.6,2.975000000000002,0.026143790849673224,173789.0,19019.0,192808.0,5106622.0,30.7,2.355,1.53,37960.709,266.342,12.61,0.5,15.6,97.4,1.6,77.86,0.813
Pakistan,750158.0,16094.0,0.65,2.48,1.1111335012594459,0.07596175390266298,0.0,0.0,0.0,0.0,0.0,0.0,0.0,0.0,0.0,0.0,0.0,0.0,0.0,0.0,0.0,0.0,16.0,64685.0,26893.48108108108,182465144.19875002,11007252.0,0.015,0.256,0.07751898734177205,0.0030599851838491073,3.9,68.7,21.35696202531644,242.98271792625425,1300000.0,0.0,800000.0,220892331.0,23.5,4.495,2.78,5034.708,423.031,8.35,2.8,36.7,59.607,0.6,67.27,0.557
Palestine,278135.0,2955.0,0.26,4.05,1.1139164490861628,0.22790907664263588,0.0,0.0,0.0,0.0,0.0,0.0,0.0,0.0,0.0,0.0,0.0,0.0,0.0,0.0,0.0,0.0,804.0,11118.0,5677.013157894737,4047795.757224087,0.0,0.093,0.317,0.1853333333333333,0.004405803035378392,3.2,10.7,6.0883838383838365,4.813739596485352,159754.0,23113.0,182867.0,5101416.0,20.4,3.043,1.726,4449.898,265.91,10.59,0.0,0.0,0.0,0.0,74.05,0.708
Panama,360249.0,6185.0,0.71,2.25,1.0647837150127226,0.05714732142857142,0.0,0.0,0.0,0.0,0.0,0.0,0.0,0.0,0.0,0.0,0.0,0.0,0.0,0.0,0.0,0.0,31.0,19830.0,5644.275,18476277.832739748,2258477.0,0.038,0.414,0.18372474747474754,0.008627485467072584,2.4,26.5,7.47272727272727,24.904917545265178,354009.0,175008.0,550860.0,4314768.0,29.7,7.918,5.03,22267.037,128.346,8.33,2.4,9.9,0.0,2.3,78.51,0.815
Papua New Guinea,9343.0,82.0,0.37,1.59,0.8068871595330741,0.1181746078491211,0.0,0.0,0.0,0.0,0.0,0.0,0.0,0.0,0.0,0.0,0.0,0.0,0.0,0.0,0.0,0.0,0.0,0.0,0.0,0.0,0.0,0.0,0.0,0.0,0.0,0.0,0.0,0.0,0.0,1081.0,0.0,1081.0,8947027.0,22.6,3.808,2.142,3823.194,561.494,17.65,23.5,48.8,0.0,0.0,64.5,0.555
Paraguay,244528.0,5110.0,0.57,2.69,1.1284574468085111,0.08358158222222221,0.0,0.0,0.0,0.0,0.0,0.0,0.0,0.0,0.0,0.0,0.0,0.0,0.0,0.0,0.0,0.0,6.0,6664.0,2464.6309226932667,2469491.0144437496,988318.0,0.008,0.446,0.18179145728643206,0.013682670811946018,2.2,128.5,16.296482412060314,537.418918843467,57327.0,9639.0,66966.0,7132530.0,26.5,6.378,3.833,8827.01,199.128,8.27,5.0,21.6,79.602,1.3,74.25,0.728
Peru,1681063.0,56149.0,0.91,1.92,1.1691139240506334,0.06040988172846504,0.0,0.0,0.0,0.0,0.0,0.0,0.0,0.0,0.0,0.0,0.0,0.0,0.0,0.0,0.0,0.0,1.0,23483.0,7312.098398169336,34713962.10905542,3195388.0,0.02,0.377,0.17155555555555577,0.010131802951103837,2.7,50.0,8.63501199040767,43.2154474852071,676387.0,492795.0,1169182.0,32971846.0,29.1,7.151,4.455,12236.706,85.755,5.95,4.8,0.0,0.0,1.6,76.74,0.777
Philippines,914971.0,15738.0,0.84,2.39,1.1294221105527644,0.07016211510763981,0.0,0.0,0.0,0.0,0.0,0.0,0.0,0.0,0.0,0.0,0.0,0.0,0.0,0.0,0.0,0.0,344.0,58975.0,27322.289124668434,179092776.3516792,10320779.0,0.024,0.241,0.07560377358490558,0.0016385550693937183,4.2,42.3,16.092722371967643,46.62549919649379,1093651.0,162065.0,1255716.0,109581085.0,25.2,4.803,2.661,7599.188,370.437,7.07,7.8,40.8,78.463,1.0,71.23,0.718
Poland,2660088.0,61208.0,0.71,2.49,1.140251256281406,0.0961433928265518,0.0,0.0,0.0,0.0,1550.0,34864.0,10145.935574229692,82979579.32447766,0.0,0.0,0.0,0.0,0.0,0.0,0.0,0.0,-239172.0,327863.0,36174.85754985755,965151370.419796,13006467.0,0.013,0.503,0.15476589595375723,0.019371629355177486,2.0,79.7,21.317341040462406,438.6432166351606,6236689.0,2248126.0,8484815.0,37846605.0,41.8,16.763,10.202,27216.445,227.331,5.91,23.3,33.1,0.0,6.62,78.73,0.88
Portugal,829911.0,16937.0,0.47,3.24,1.0850125313283212,0.17409890659326785,9.0,904.0,248.98275862068965,56820.93678402681,40.0,6869.0,1591.2980295566501,2776102.7730894685,0.0,0.0,0.0,0.0,9.904,883.406,278.7798888888889,52904.78901796592,40.0,77057.0,23526.178048780486,257549964.90955937,9645758.0,0.01,0.204,0.06340099009900989,0.0028868818353662666,4.9,98.1,31.64826732673267,547.0735249893787,1772322.0,657164.0,2429486.0,10196707.0,46.2,21.502,14.924,27936.896,127.842,9.85,16.3,30.0,0.0,3.39,82.05,0.864
Qatar,194930.0,367.0,0.46,2.82,1.0637905236907732,0.09001639749999998,0.0,0.0,0.0,0.0,0.0,0.0,0.0,0.0,0.0,0.0,0.0,0.0,0.0,0.0,0.0,0.0,172.0,10044.0,4572.584615384615,2343029.792309065,1825071.0,0.017,0.393,0.10926903553299488,0.009834619285330432,2.5,57.3,16.07360406091371,99.2251585960414,100000.0,0.0,1209648.0,2881060.0,31.9,1.307,0.617,116935.6,176.69,16.52,0.8,26.9,0.0,1.2,80.23,0.848
Romania,1023565.0,25937.0,0.8,2.3,1.1066331658291475,0.06387447544239225,6.0,1531.0,690.2439678284182,189884.65408573244,0.0,0.0,0.0,0.0,0.0,0.0,0.0,0.0,2.986,51112.807,11364.284644444444,203726901.2052107,276.0,60206.0,17218.546623794213,127759928.59829345,7061866.0,0.016,0.298,0.12052791878172582,0.006432550252834269,3.4,61.0,14.83756345177667,165.63778774870667,2471779.0,1527201.0,3998980.0,19237682.0,43.0,17.85,11.69,23313.199,370.946,9.74,22.9,37.1,0.0,6.892,76.05,0.828
Russia,4631336.0,103059.0,0.88,2.51,1.1176455696202516,0.12360306694323484,0.0,0.0,0.0,0.0,0.0,0.0,0.0,0.0,0.0,0.0,0.0,0.0,0.0,0.0,0.0,0.0,2243.0,648370.0,309313.10164835164,21026414466.851,125131312.0,0.001,0.097,0.03350248756218907,0.0002826864882681078,10.3,1796.6,58.99104477611938,23447.084653951155,9731470.0,5738147.0,15469617.0,145934460.0,39.6,14.178,9.393,24765.954,431.297,6.18,23.4,58.3,0.0,8.05,72.58,0.824
Rwanda,23812.0,322.0,0.45,1.77,1.0601326259946957,0.08308463600611136,0.0,0.0,0.0,0.0,0.0,0.0,0.0,0.0,0.0,0.0,0.0,0.0,0.0,0.0,0.0,0.0,-1884.0,21919.0,3178.416949152542,5122450.046705076,1243409.0,0.001,0.06,0.015736413043478236,0.00016636818151445182,16.8,868.8,125.69402173913036,13884.037086473281,348926.0,0.0,348926.0,12952209.0,20.3,2.974,1.642,1854.211,191.375,4.28,4.7,21.0,4.617,0.0,69.02,0.543
Saint Helena,0.0,0.0,0.0,0.0,0.0,0.0,0.0,0.0,0.0,0.0,0.0,0.0,0.0,0.0,0.0,0.0,0.0,0.0,0.0,0.0,0.0,0.0,0.0,0.0,0.0,0.0,0.0,0.0,0.0,0.0,0.0,0.0,0.0,0.0,0.0,3546.0,107.0,3653.0,6071.0,0.0,0.0,0.0,0.0,0.0,0.0,0.0,0.0,0.0,0.0,80.56,0.0
Saint Kitts and Nevis,44.0,0.0,0.0,0.0,0.0,0.0,0.0,0.0,0.0,0.0,0.0,0.0,0.0,0.0,0.0,0.0,0.0,0.0,0.0,0.0,0.0,0.0,0.0,0.0,0.0,0.0,0.0,0.0,0.0,0.0,0.0,0.0,0.0,0.0,0.0,10456.0,0.0,10456.0,53192.0,0.0,0.0,0.0,24654.385,0.0,12.84,0.0,0.0,0.0,2.3,76.23,0.779
Saint Lucia,4398.0,65.0,0.69,1.5,1.0027607361963184,0.07666988645023624,0.0,0.0,0.0,0.0,0.0,0.0,0.0,0.0,0.0,0.0,0.0,0.0,0.0,0.0,0.0,0.0,0.0,0.0,0.0,0.0,0.0,0.0,0.0,0.0,0.0,0.0,0.0,0.0,0.0,20247.0,0.0,23575.0,183629.0,34.9,9.721,6.405,12951.839,204.62,11.62,0.0,0.0,87.202,1.3,76.2,0.759
Saint Vincent and the Grenadines,1819.0,10.0,0.71,1.27,0.9675206611570245,0.023449659722222217,0.0,0.0,0.0,0.0,0.0,0.0,0.0,0.0,0.0,0.0,0.0,0.0,0.0,0.0,0.0,0.0,0.0,0.0,0.0,0.0,0.0,0.0,0.0,0.0,0.0,0.0,0.0,0.0,0.0,0.0,0.0,12124.0,110947.0,31.8,7.724,4.832,10727.146,252.675,11.62,0.0,0.0,0.0,2.6,72.53,0.738
Samoa,3.0,0.0,0.0,0.0,0.0,0.0,0.0,0.0,0.0,0.0,0.0,0.0,0.0,0.0,0.0,0.0,0.0,0.0,0.0,0.0,0.0,0.0,0.0,0.0,0.0,0.0,0.0,0.0,0.0,0.0,0.0,0.0,0.0,0.0,0.0,0.0,0.0,0.0,198410.0,22.0,5.606,3.564,6021.557,348.977,9.21,16.7,38.1,0.0,0.0,73.32,0.715
San Marino,5016.0,87.0,0.06,1.39,0.7849118387909318,0.16069110996326905,0.0,0.0,0.0,0.0,0.0,0.0,0.0,0.0,0.0,0.0,0.0,0.0,0.0,0.0,0.0,0.0,0.0,0.0,0.0,0.0,0.0,0.0,0.0,0.0,0.0,0.0,0.0,0.0,0.0,11989.0,8435.0,20424.0,33938.0,0.0,0.0,0.0,56861.47,0.0,5.64,0.0,0.0,0.0,3.8,84.97,0.0
Sao Tome and Principe,2272.0,35.0,0.34,1.3,0.6973121387283236,0.07132100483091788,0.0,0.0,0.0,0.0,0.0,0.0,0.0,0.0,0.0,0.0,0.0,0.0,0.0,0.0,0.0,0.0,0.0,0.0,0.0,0.0,0.0,0.0,0.0,0.0,0.0,0.0,0.0,0.0,0.0,9724.0,0.0,9724.0,219161.0,18.7,2.886,2.162,3052.714,270.113,2.42,0.0,0.0,41.34,2.9,70.39,0.625
Saudi Arabia,403106.0,6801.0,0.77,2.41,1.0824874371859285,0.08931160403276463,0.0,0.0,0.0,0.0,0.0,0.0,0.0,0.0,0.0,0.0,0.0,0.0,0.0,0.0,0.0,0.0,240.0,73912.0,39165.53056234719,356750693.7935169,16018862.0,0.001,0.194,0.03553598014888336,0.002188040500235143,5.2,706.7,105.09602977667484,9172.986225402838,0.0,0.0,6800711.0,34813867.0,31.9,3.295,1.845,49045.411,259.538,17.72,1.8,25.4,0.0,2.7,75.13,0.854
Senegal,39664.0,1087.0,0.69,1.96,1.03940414507772,0.06377037881598921,0.0,0.0,0.0,0.0,0.0,0.0,0.0,0.0,0.0,0.0,0.0,0.0,0.0,0.0,0.0,0.0,1.0,3029.0,1151.6772616136918,372310.79901960783,471037.0,0.013,0.571,0.08269704433497532,0.002794839628105472,1.8,78.0,18.906188118811887,267.9878998085082,376974.0,0.0,376974.0,16743930.0,18.7,3.008,1.796,2470.58,241.219,2.42,0.4,16.6,20.859,0.0,67.94,0.512
Serbia,657716.0,5920.0,0.59,2.13,1.113002544529262,0.12492786273948353,0.0,0.0,0.0,0.0,0.0,0.0,0.0,0.0,0.0,0.0,0.0,0.0,0.0,0.0,0.0,0.0,1.0,22837.0,8830.324455205811,28683694.018757664,3646957.0,0.008,0.442,0.14038059701492522,0.014526765368374576,2.3,124.9,28.023134328358207,1014.2502255582987,1820747.0,1220993.0,3041740.0,6804596.0,41.2,17.366,0.0,14048.881,439.415,10.08,37.7,40.2,97.719,5.609,76.0,0.806
Seychelles,4834.0,25.0,0.09,1.49,0.5891071428571429,0.206290988039722,0.0,0.0,0.0,0.0,0.0,0.0,0.0,0.0,0.0,0.0,0.0,0.0,0.0,0.0,0.0,0.0,0.0,0.0,0.0,0.0,0.0,0.0,0.0,0.0,0.0,0.0,0.0,0.0,0.0,66250.0,45944.0,112194.0,98340.0,36.2,8.606,5.586,26382.287,242.648,10.55,7.1,35.7,0.0,3.6,73.4,0.796
Sierra Leone,4016.0,79.0,0.69,1.39,0.991558073654392,0.03145245028409091,0.0,0.0,0.0,0.0,0.0,0.0,0.0,0.0,0.0,0.0,0.0,0.0,0.0,0.0,0.0,0.0,0.0,0.0,0.0,0.0,0.0,0.0,0.0,0.0,0.0,0.0,0.0,0.0,0.0,41543.0,876.0,42419.0,7976985.0,19.1,2.538,1.285,1390.3,325.721,2.42,8.8,41.3,19.275,0.0,54.7,0.452
Singapore,60769.0,30.0,0.47,2.16,1.0272815533980575,0.11097683769335961,0.0,0.0,0.0,0.0,0.0,0.0,0.0,0.0,0.0,0.0,0.0,0.0,0.0,0.0,0.0,0.0,0.0,0.0,0.0,0.0,9036706.0,0.001,0.3,0.021748603351955373,0.0024735995731625985,3.3,6718.3,1624.0896648044686,2777650.461537242,1131658.0,535864.0,1667522.0,5850343.0,42.4,12.922,7.049,85535.383,92.243,10.99,5.2,28.3,0.0,2.4,83.62,0.938
Slovakia,374586.0,10970.0,0.52,1.65,1.1017766497461932,0.07066909853738128,0.0,0.0,0.0,0.0,1.0,3836.0,1328.132183908046,1998877.7966431081,0.0,0.0,0.0,0.0,0.0,0.0,0.0,0.0,24.0,782536.0,73868.1157635468,21329264397.98823,29990833.0,0.001,0.178,0.04222443890274317,0.0018758311,5.6,1000.0,125.06253164556954,57661.99358273854,925101.0,344204.0,1269305.0,5459643.0,41.2,15.07,9.167,30155.152,287.959,7.29,23.1,37.7,0.0,5.82,77.54,0.86
Slovenia,230826.0,4147.0,0.37,1.86,1.0971679197994975,0.09993642647912931,1.0,212.0,73.03007518796993,6141.605142546904,5.0,1324.0,425.89974937343356,233009.75285977626,1.984,138.869,43.456482758620695,2318.290588423515,0.992,899.674,271.20531034482764,95701.25770968296,4.0,8063.0,2669.2802850356293,4810707.331581633,1123769.0,0.001,0.324,0.11683173076923067,0.012335367896646828,3.1,1000.0,89.02586206896545,42543.59872824264,368446.0,142150.0,510596.0,2078932.0,44.5,19.062,12.93,31400.84,153.493,7.25,20.1,25.0,0.0,4.5,81.32,0.917
Solomon Islands,20.0,0.0,0.0,0.0,0.0,0.0,0.0,0.0,0.0,0.0,0.0,0.0,0.0,0.0,0.0,0.0,0.0,0.0,0.0,0.0,0.0,0.0,0.0,0.0,0.0,0.0,0.0,0.0,0.0,0.0,0.0,0.0,0.0,0.0,0.0,2000.0,0.0,2000.0,686878.0,20.8,3.507,2.043,2205.923,459.78,18.68,0.0,0.0,35.89,1.4,73.0,0.567
Somalia,12837.0,656.0,0.41,1.39,0.7945054945054933,0.07255270814835052,0.0,0.0,0.0,0.0,0.0,0.0,0.0,0.0,0.0,0.0,0.0,0.0,0.0,0.0,0.0,0.0,0.0,0.0,0.0,0.0,0.0,0.0,0.0,0.0,0.0,0.0,0.0,0.0,0.0,0.0,0.0,0.0,15893219.0,16.8,2.731,1.496,0.0,365.769,6.05,0.0,0.0,9.831,0.9,57.4,0.0
South Africa,1564355.0,53663.0,0.51,2.77,1.0873096446700512,0.11713205524153603,0.0,0.0,0.0,0.0,0.0,0.0,0.0,0.0,0.0,0.0,0.0,0.0,0.0,0.0,0.0,0.0,4.0,77167.0,25712.862944162436,229675489.31025776,10259664.0,0.015,0.326,0.11622332506203466,0.006867787158733695,3.1,65.2,14.943176178660057,137.09421579911387,292623.0,292623.0,292623.0,59308690.0,27.3,5.344,3.053,12294.876,200.38,5.52,8.1,33.2,43.993,2.32,64.13,0.709
South America,23150047.0,615844.0,0.0,0.0,0.0,0.0,0.0,0.0,0.0,0.0,0.0,0.0,0.0,0.0,0.0,0.0,0.0,0.0,0.0,0.0,0.0,0.0,0.0,0.0,0.0,0.0,0.0,0.0,0.0,0.0,0.0,0.0,0.0,0.0,0.0,42898591.0,16156805.0,59055396.0,430759772.0,0.0,0.0,0.0,0.0,0.0,0.0,0.0,0.0,0.0,0.0,0.0,0.0
South Korea,113444.0,1794.0,0.25,5.71,1.0855344418052255,0.3154986048752834,0.0,0.0,0.0,0.0,0.0,0.0,0.0,0.0,0.0,0.0,0.0,0.0,0.0,0.0,0.0,0.0,5.0,67176.0,18370.30909090909,257915058.7982788,8262449.0,0.001,0.049,0.012431460674157273,9.040601412223034e-05,20.5,1876.5,167.44426966292127,48919.40046561765,1482969.0,60577.0,1543546.0,51269183.0,43.4,13.914,8.622,35938.374,85.998,6.8,6.2,40.9,0.0,12.27,83.03,0.916
South Sudan,10432.0,114.0,0.63,1.12,0.877376093294461,0.016250873773126777,0.0,0.0,0.0,0.0,0.0,0.0,0.0,0.0,0.0,0.0,0.0,0.0,0.0,0.0,0.0,0.0,116.0,7340.0,678.9154929577464,709109.0655102041,141630.0,0.001,0.242,0.05275555555555553,0.003745473134566327,4.1,761.4,51.35866666666669,4134.21713149713,947.0,0.0,947.0,11193729.0,19.2,3.441,2.032,1569.888,280.775,10.43,0.0,0.0,0.0,0.0,57.85,0.433
Spain,3407283.0,76981.0,0.57,3.24,1.1837804878048783,0.22164664486702018,522.0,4894.0,2407.6040268456377,1163582.4632487218,4636.0,32023.0,14616.865771812081,43790367.017302774,2.963,2793.476,475.71448437500004,316037.7655856785,18.768,30642.299,5219.292875,34126047.67683365,0.0,0.0,0.0,0.0,37755805.0,0.001,0.429,0.07347413793103455,0.0028244517602504793,2.3,767.9,28.44712643678162,2362.4539366658637,9002054.0,3328701.0,12330755.0,46754783.0,45.5,19.436,13.799,34272.36,99.403,7.17,27.4,31.4,0.0,2.97,83.56,0.904
Sri Lanka,96186.0,615.0,0.6,1.63,1.019097938144331,0.04074403114129092,0.0,0.0,0.0,0.0,0.0,0.0,0.0,0.0,0.0,0.0,0.0,0.0,0.0,0.0,0.0,0.0,1.0,19687.0,6057.488943488944,32732140.78356669,2465398.0,0.001,0.334,0.03208192771084336,0.0013706895610165932,3.0,825.0,87.99825870646771,13030.286245110414,925242.0,0.0,925242.0,21413250.0,34.1,10.069,5.331,11669.077,197.093,10.68,0.3,27.0,0.0,3.6,76.98,0.782
Sudan,33022.0,2208.0,0.34,1.86,1.0393055555555553,0.10308345838409075,0.0,0.0,0.0,0.0,0.0,0.0,0.0,0.0,0.0,0.0,0.0,0.0,0.0,0.0,0.0,0.0,0.0,0.0,0.0,0.0,0.0,0.0,0.0,0.0,0.0,0.0,0.0,0.0,0.0,100010.0,0.0,100010.0,43849269.0,19.7,3.548,2.034,4466.507,431.388,15.67,0.0,0.0,23.437,0.8,65.31,0.51
Suriname,9496.0,187.0,0.55,2.04,1.0306369426751596,0.10800788004368728,0.0,0.0,0.0,0.0,0.0,0.0,0.0,0.0,0.0,0.0,0.0,0.0,0.0,0.0,0.0,0.0,0.0,0.0,0.0,0.0,0.0,0.0,0.0,0.0,0.0,0.0,0.0,0.0,0.0,34630.0,0.0,34630.0,586634.0,29.6,6.933,4.229,13767.119,258.314,12.54,7.4,42.9,67.779,3.1,71.68,0.738
Sweden,900138.0,13788.0,0.62,2.43,1.2163793103448282,0.09336332266422802,1.0,551.0,201.38442822384428,23821.157697798928,1.0,3005.0,1239.8248175182482,774974.9527424151,2.934,282.611,98.61188888888891,6675.059794047086,0.0,0.0,0.0,0.0,7566.0,48560.0,27856.270072992702,142847843.0848126,0.0,0.007,0.247,0.08590671641791045,0.0030716893770427415,4.0,150.2,24.989552238805988,810.6118882296007,1667542.0,649361.0,2316903.0,10099270.0,41.0,19.985,13.433,46949.283,133.982,4.79,18.8,18.9,0.0,2.22,82.8,0.945
Switzerland,632399.0,10505.0,0.46,3.08,1.145921375921375,0.2169425107379456,0.0,0.0,0.0,0.0,0.0,0.0,0.0,0.0,0.0,0.0,0.0,0.0,0.0,0.0,0.0,0.0,1529.0,57584.0,18599.83231707317,150486832.55956757,6100745.0,0.004,0.271,0.08157317073170724,0.005389803402257573,3.7,250.0,37.80304878048777,2711.8031076695756,1228368.0,729842.0,1958210.0,8654618.0,43.1,18.436,12.644,57410.166,99.739,5.59,22.6,28.9,0.0,4.53,83.78,0.955
Syria,20856.0,1423.0,0.24,1.56,1.0480061349693253,0.053087715976331364,0.0,0.0,0.0,0.0,0.0,0.0,0.0,0.0,0.0,0.0,0.0,0.0,0.0,0.0,0.0,0.0,0.0,0.0,0.0,0.0,0.0,0.0,0.0,0.0,0.0,0.0,0.0,0.0,0.0,2500.0,0.0,2500.0,17500657.0,21.7,0.0,2.577,0.0,376.264,0.0,0.0,0.0,70.598,1.5,72.7,0.567
Taiwan,1070.0,11.0,0.17,1.23,0.7937817258883244,0.1113795738399083,0.0,0.0,0.0,0.0,0.0,0.0,0.0,0.0,0.0,0.0,0.0,0.0,0.0,0.0,0.0,0.0,1.0,3244.0,435.5120879120879,151474.08618447863,198162.0,0.001,0.028,0.005101123595505599,2.1050381462543624e-05,36.1,3895.1,377.5009433962265,157467.71130370148,30039.0,0.0,30039.0,23816775.0,42.2,0.0,8.353,0.0,103.957,0.0,0.0,0.0,0.0,0.0,80.46,0.0
Tajikistan,13308.0,90.0,-0.0,2.76,0.7144540229885064,0.26821694723816325,0.0,0.0,0.0,0.0,0.0,0.0,0.0,0.0,0.0,0.0,0.0,0.0,0.0,0.0,0.0,0.0,0.0,0.0,0.0,0.0,0.0,0.0,0.0,0.0,0.0,0.0,0.0,0.0,0.0,0.0,0.0,0.0,9537642.0,23.3,3.466,2.155,2896.913,427.698,7.11,0.0,0.0,72.704,4.8,71.1,0.668
Tanzania,509.0,21.0,0.0,1.1,0.030769230769230767,0.018891557194787856,0.0,0.0,0.0,0.0,0.0,0.0,0.0,0.0,0.0,0.0,0.0,0.0,0.0,0.0,0.0,0.0,0.0,0.0,0.0,0.0,0.0,0.0,0.0,0.0,0.0,0.0,0.0,0.0,0.0,0.0,0.0,0.0,59734213.0,17.7,3.108,1.874,2683.304,217.288,5.75,3.3,26.7,47.953,0.7,65.46,0.529
Thailand,39038.0,97.0,0.44,2.36,1.0655415617128465,0.14050899653096624,0.0,0.0,0.0,0.0,0.0,0.0,0.0,0.0,0.0,0.0,0.0,0.0,0.0,0.0,0.0,0.0,1.0,36098.0,7332.074561403509,50634313.74449463,3343428.0,0.001,0.286,0.019425110132158578,0.001585074582498818,3.5,1000.0,317.63942731277587,102615.00872544576,523830.0,81429.0,605259.0,69799978.0,40.1,11.373,6.89,16277.671,109.861,7.04,1.9,38.8,90.67,2.1,77.15,0.777
Timor,1193.0,2.0,0.27,1.8,1.1140624999999997,0.2664271101033006,0.0,0.0,0.0,0.0,0.0,0.0,0.0,0.0,0.0,0.0,0.0,0.0,0.0,0.0,0.0,0.0,0.0,0.0,0.0,0.0,0.0,0.0,0.0,0.0,0.0,0.0,0.0,0.0,0.0,0.0,0.0,0.0,1318442.0,18.0,3.556,1.897,6570.102,335.346,6.86,6.3,78.1,28.178,5.9,69.5,0.606
Togo,12391.0,119.0,0.97,1.14,1.0723579545454562,0.001584373503461823,0.0,0.0,0.0,0.0,0.0,0.0,0.0,0.0,0.0,0.0,0.0,0.0,0.0,0.0,0.0,0.0,1.0,2132.0,735.7960199004975,199475.19046523343,295792.0,0.004,0.137,0.03519651741293528,0.0008377845162654462,7.3,265.0,46.37544303797466,1312.5261713133552,100000.0,0.0,100000.0,8278737.0,19.4,2.839,1.525,1429.813,280.033,6.15,0.9,14.2,10.475,0.7,61.04,0.515
Trinidad and Tobago,8678.0,150.0,-0.01,2.3,0.8520159151193638,0.3351181013750566,0.0,0.0,0.0,0.0,0.0,0.0,0.0,0.0,0.0,0.0,0.0,0.0,0.0,0.0,0.0,0.0,1.0,30892.0,346.5692771084337,2987722.8165314305,119034.0,0.004,0.496,0.10617352941176468,0.01626507578249406,2.0,281.1,39.65328947368421,2597.0285939287,11686.0,0.0,11686.0,1399491.0,36.2,10.014,5.819,28763.071,228.467,10.97,0.0,0.0,89.443,3.0,73.51,0.796
Tunisia,281777.0,9639.0,0.49,1.64,1.0870103092783512,0.08101314557752272,0.0,0.0,0.0,0.0,0.0,0.0,0.0,0.0,0.0,0.0,0.0,0.0,0.0,0.0,0.0,0.0,5238.0,8051.0,5869.214285714285,766656.2130177512,1207304.0,0.245,0.273,0.2276666666666667,7.410937500000013e-05,3.7,4.1,3.477777777777778,0.016093749999999983,174534.0,8491.0,183025.0,11818618.0,32.7,8.001,5.075,10849.297,318.991,8.52,1.1,65.8,78.687,2.3,76.7,0.74
Turkey,4150039.0,35320.0,0.32,5.14,1.131399491094149,0.34532602040816324,0.0,0.0,0.0,0.0,0.0,0.0,0.0,0.0,0.0,0.0,0.0,0.0,0.0,0.0,0.0,0.0,7533.0,318217.0,110849.30569948186,4546211537.993092,42828122.0,0.013,0.191,0.05938522427440629,0.0024947825998712244,5.2,77.8,32.34907651715038,508.00088890288623,12038403.0,7773371.0,19811774.0,84339067.0,31.6,8.153,5.061,25129.341,171.285,12.13,14.1,41.1,0.0,2.81,77.69,0.82
Turks and Caicos Islands,0.0,0.0,0.0,0.0,0.0,0.0,0.0,0.0,0.0,0.0,0.0,0.0,0.0,0.0,0.0,0.0,0.0,0.0,0.0,0.0,0.0,0.0,0.0,0.0,0.0,0.0,0.0,0.0,0.0,0.0,0.0,0.0,0.0,0.0,0.0,14300.0,10000.0,24300.0,38718.0,0.0,0.0,0.0,0.0,0.0,0.0,0.0,0.0,0.0,0.0,80.22,0.0
Uganda,41310.0,338.0,0.63,1.77,1.0506376811594196,0.05968898644537588,0.0,0.0,0.0,0.0,0.0,0.0,0.0,0.0,0.0,0.0,0.0,0.0,0.0,0.0,0.0,0.0,23.0,8223.0,2637.3142857142857,1583606.935702768,976929.0,0.001,0.162,0.04665051903114186,0.0017865412326388888,6.2,1251.7,91.49653979238745,23775.127609833144,206708.0,0.0,206708.0,45741000.0,16.4,2.168,1.308,1697.707,213.333,2.5,3.4,16.7,21.222,0.5,63.37,0.544
Ukraine,1974056.0,40832.0,0.79,2.56,1.1252971576227397,0.0557716750785256,0.0,0.0,0.0,0.0,0.0,0.0,0.0,0.0,0.0,0.0,0.0,0.0,0.0,0.0,0.0,0.0,2914.0,84054.0,23930.600790513832,246902481.22215924,8869518.0,0.037,0.504,0.17764207650273223,0.009826917665603303,2.0,26.9,8.178961748633883,28.152902233064363,445859.0,5.0,445864.0,43733759.0,41.4,16.462,11.133,7894.393,539.849,7.11,13.5,47.4,0.0,8.8,72.06,0.779
United Arab Emirates,493266.0,1547.0,0.78,2.21,1.0955837563451791,0.06393017241937468,0.0,0.0,0.0,0.0,0.0,0.0,0.0,0.0,0.0,0.0,0.0,0.0,0.0,0.0,0.0,0.0,183.0,266023.0,99880.72330097087,4704010714.527158,41150933.0,0.001,0.024,0.010542334096109822,3.4993282341553744e-05,41.5,5951.0,256.40732265446223,363939.52580464596,3480415.0,2187849.0,9489684.0,9890400.0,34.0,1.144,0.526,67293.483,317.84,17.26,1.2,37.4,0.0,1.2,77.97,0.89
United Kingdom,4398903.0,127472.0,0.51,3.3,1.099829268292683,0.18007898805004754,60.0,4077.0,1250.5883905013193,1310417.7486142607,770.0,39249.0,11604.859375,103178655.88324958,0.0,0.0,0.0,0.0,694.0,28791.0,8159.571428571428,55980474.86743803,11896.0,1893830.0,344517.48818897636,110455732072.83195,136363617.0,0.002,0.3,0.045454545454545504,0.0032645337061288447,3.3,577.9,87.20026737967912,9765.933880930648,32574221.0,8931547.0,41505768.0,67886004.0,40.8,18.517,12.527,39753.244,122.137,4.28,20.0,24.7,0.0,2.54,81.32,0.932
United States,31575640.0,566224.0,0.73,3.67,1.1660784313725479,0.30738438746989116,7779.0,30028.0,15148.107011070111,48369650.248024695,25322.0,129800.0,60156.75276752767,1089552741.8098767,0.0,0.0,0.0,0.0,21481.0,116374.0,53634.8,902854052.6127546,372.0,2307390.0,963616.0804878048,339942815051.40356,395082593.0,0.038,0.199,0.07792574257425741,0.0014054051684327838,5.0,26.3,15.270544554455428,32.18712485145527,127743096.0,80609818.0,202282923.0,331002647.0,38.3,15.413,9.732,54225.446,151.089,10.79,19.1,24.6,0.0,2.77,78.86,0.926
Uruguay,159569.0,1788.0,0.59,1.53,1.108877551020408,0.0343277542663902,0.0,0.0,0.0,0.0,0.0,0.0,0.0,0.0,0.0,0.0,0.0,0.0,0.0,0.0,0.0,0.0,145.0,19414.0,3815.0374149659865,14303990.191172874,1594213.0,0.001,0.268,0.04652910052910051,0.003188396498955175,3.7,2412.6,116.96031746031746,60746.16276706372,1025979.0,284612.0,1310591.0,3473727.0,35.6,14.655,10.361,20551.409,160.708,6.93,14.0,19.9,0.0,2.8,77.91,0.817
Uzbekistan,86022.0,635.0,0.76,1.68,1.063697916666668,0.03986616583383893,0.0,0.0,0.0,0.0,0.0,0.0,0.0,0.0,0.0,0.0,0.0,0.0,0.0,0.0,0.0,0.0,0.0,0.0,0.0,0.0,0.0,0.0,0.0,0.0,0.0,0.0,0.0,0.0,0.0,256958.0,0.0,256958.0,33469199.0,28.2,4.469,2.873,6253.104,724.417,7.57,1.3,24.7,0.0,4.0,71.72,0.72
Vanuatu,3.0,0.0,0.0,0.0,0.0,0.0,0.0,0.0,0.0,0.0,0.0,0.0,0.0,0.0,0.0,0.0,0.0,0.0,0.0,0.0,0.0,0.0,0.0,0.0,0.0,0.0,0.0,0.0,0.0,0.0,0.0,0.0,0.0,0.0,0.0,0.0,0.0,0.0,307150.0,23.1,4.394,2.62,2921.909,546.3,12.02,2.8,34.5,25.209,0.0,70.47,0.609
Vatican,27.0,0.0,0.0,0.0,0.0,0.0,0.0,0.0,0.0,0.0,0.0,0.0,0.0,0.0,0.0,0.0,0.0,0.0,0.0,0.0,0.0,0.0,0.0,0.0,0.0,0.0,0.0,0.0,0.0,0.0,0.0,0.0,0.0,0.0,0.0,0.0,0.0,0.0,809.0,0.0,0.0,0.0,0.0,0.0,0.0,0.0,0.0,0.0,0.0,75.12,0.0
Venezuela,180609.0,1870.0,0.61,2.29,1.0944818652849744,0.05996972575476472,0.0,0.0,0.0,0.0,0.0,0.0,0.0,0.0,0.0,0.0,0.0,0.0,0.0,0.0,0.0,0.0,0.0,0.0,0.0,0.0,0.0,0.0,0.0,0.0,0.0,0.0,0.0,0.0,0.0,250000.0,0.0,250000.0,28435943.0,29.0,6.614,3.915,16745.022,204.85,6.47,0.0,0.0,0.0,0.8,72.06,0.711
Vietnam,2772.0,35.0,0.22,1.91,0.8325384615384607,0.13450150342649073,0.0,0.0,0.0,0.0,0.0,0.0,0.0,0.0,0.0,0.0,0.0,0.0,0.0,0.0,0.0,0.0,10.0,92374.0,5655.779661016949,160100648.10374555,2482302.0,0.001,0.016,0.0014788732394366204,7.526482571299229e-06,63.0,44258.7,4918.2696000000005,67359829.96382609,63758.0,0.0,63758.0,97338583.0,32.6,7.15,4.718,6171.884,245.465,6.0,1.0,45.9,85.847,2.6,75.4,0.704
World,139931461.0,2998717.0,0.57,3.55,1.1616888888888877,0.16613850724946802,0.0,0.0,0.0,0.0,0.0,0.0,0.0,0.0,0.0,0.0,0.0,0.0,0.0,0.0,0.0,0.0,0.0,0.0,0.0,0.0,0.0,0.0,0.0,0.0,0.0,0.0,0.0,0.0,0.0,486812633.0,194573902.0,878161978.0,7794798729.0,30.9,8.696,5.355,15469.207,233.07,8.51,6.434,34.635,60.13,2.705,72.58,0.737
Yemen,5715.0,1108.0,0.35,1.84,0.9548809523809526,0.11344261439073289,0.0,0.0,0.0,0.0,0.0,0.0,0.0,0.0,0.0,0.0,0.0,0.0,0.0,0.0,0.0,0.0,0.0,0.0,0.0,0.0,0.0,0.0,0.0,0.0,0.0,0.0,0.0,0.0,0.0,0.0,0.0,0.0,29825968.0,20.3,2.922,1.583,1479.147,495.003,5.35,7.6,29.2,49.542,0.7,66.12,0.47
Zambia,90750.0,1233.0,0.66,1.58,0.9810826210826205,0.045199758367346944,0.0,0.0,0.0,0.0,0.0,0.0,0.0,0.0,0.0,0.0,0.0,0.0,0.0,0.0,0.0,0.0,17.0,14995.0,3606.0140845070423,10747841.431525106,1327186.0,0.004,0.301,0.0676744186046512,0.0046066250906064594,3.3,545.5,48.840469973890286,3639.7598605438443,106.0,0.0,106.0,18383956.0,17.7,2.48,1.542,3689.251,234.499,3.94,3.1,24.7,13.938,2.0,63.89,0.584
Zimbabwe,37534.0,1551.0,0.61,1.7,0.9907122507122509,0.045199758367346944,0.0,0.0,0.0,0.0,0.0,0.0,0.0,0.0,0.0,0.0,0.0,0.0,0.0,0.0,0.0,0.0,96.0,5055.0,1276.619718309859,10747841.431525106,462372.0,0.001,0.287,0.05519638242894057,0.0046066250906064594,3.5,1125.9,38.80626631853791,3639.7598605438443,252932.0,32949.0,285881.0,14862927.0,19.6,2.822,1.882,1899.775,307.846,1.82,1.6,30.7,36.791,1.7,61.49,0.571
